dm_sed reference,sgp_reference_id,sgp ref_short,sgp ref_long,sgp doi,sgp reference url,Added new samplenames?,Added new sitename?,Updated lithology?,notes
"Absar, N., M. Raza, M. Roy, S. Naqvi, and A. Roy. 2009. 'Composition and weathering conditions of Paleoproterozoic upper crust of Bundelkhand craton, Central India: Records from geochemistry of clastic sediments of 1.9Ga Gwalior Group', Precambrian Research, 168: 313-29.https://doi.org/10.1016/j.precamres.2008.11.001",720,Absar et al. 2009,"Absar, N., Raza, M., Roy, M., Naqvi, S.M. & Roy, A.K. (2009). Composition and weathering conditions of Paleoproterozoic upper crust of Bundelkhand craton, Central India: Records from geochemistry of clastic sediments of 1.9Ga Gwalior Group. Precambrian Research, 168, 313-329. https://doi.org/10.1016/j.precamres.2008.11.001",10.1016/j.precamres.2008.11.001,https://linkinghub.elsevier.com/retrieve/pii/S0301926808002465,TRUE,TRUE,,Added sample names and created a sitename
"Alexander, B. W., Bau, M., Andersson, P., & Dulski, P. (2008). Continentally-derived solutes in shallow Archean seawater: Rare earth element and Nd isotope evidence in iron formation from the 2.9Ga Pongola Supergroup, South Africa. Geochimica et Cosmochimica Acta, 72(2), 378–394.https://doi.org/10.1016/j.gca.2007.10.028",691,Alexander et al. 2008,"Alexander, B.W., Bau, M., Andersson, P. & Dulski, P. (2008). Continentally-derived solutes in shallow Archean seawater: Rare earth element and Nd isotope evidence in iron formation from the 2.9Ga Pongola Supergroup, South Africa. Geochimica et Cosmochimica Acta, 72, 378-394. https://doi.org/10.1016/j.gca.2007.10.028",10.1016/j.gca.2007.10.028,https://linkinghub.elsevier.com/retrieve/pii/S0016703707006394,,TRUE,,
"Alibert, C., & McCulloch, M.T. (1993) Rare-earth element and neodymium isotopic composition of the banded iron-formations and associated shales from Hamersley, western Australia. Geochimica et Cosmochimica Acta, 57, 187-204.https://doi.org/10.1016/0016-7037(93)90478-f",668,"Alibert & McCulloch, 1993","Alibert, C. & McCulloch, M.T. (1993). Rare earth element and neodymium isotopic compositions of the banded iron-formations and associated shales from Hamersley, western Australia. Geochimica et Cosmochimica Acta, 57, 187-204. https://doi.org/10.1016/0016-7037(93)90478-F",10.1016/0016-7037(93)90478-F,https://linkinghub.elsevier.com/retrieve/pii/001670379390478F,TRUE,TRUE,,"Added sample names from table in pub. Updated some sitenames, and sitetypes based on text. Did not update stratigraphy or lat-longs."
"Amajor, L. C. (1987). Major and trace element geochemistry of Albian and Turonian shales from the Southern Benue trough, Nigeria. Journal of African Earth Sciences (1983), 6(5), 633–641.https://doi.org/10.1016/0899-5362(87)90002-9",672,"Amajor, 1987","Amajor, L.C. (1987). Major and trace element geochemistry of Albian and Turonian shales from the Southern Benue trough, Nigeria. Journal of African Earth Sciences, 6, 633-641. https://doi.org/10.1016/0899-5362(87)90002-9",10.1016/0899-5362(87)90002-9,https://linkinghub.elsevier.com/retrieve/pii/0899536287900029,TRUE,TRUE,,Added sample names and created sitename.
"Armstrong-Altrin, John S., Ramasamy Nagarajan, Jayagopal Madhavaraju, Leticia Rosalez-Hoz, Yong Il Lee, Vysetti Balaram, Adriana Cruz-Martínez, and Gladis Avila-Ramírez. ""Geochemistry of the Jurassic and Upper Cretaceous Shales from the Molango Region, Hidalgo, Eastern Mexico: Implications for Source-Area Weathering, Provenance, and Tectonic Setting."" Comptes Rendus Geoscience 345, no. 4 (2013): 185-202. https://doi.org/10.1016/j.crte.2013.03.004.",686,Armstrong-Altrin et al. 2013,"Armstrong-Altrin, J.S., Nagarajan, R., Madhavaraju, J., Rosalez-Hoz, L., Lee, Y.Il, Balaram, V., Cruz-Martínez, A. & Avila-Ramírez, G. (2013). Geochemistry of the Jurassic and Upper Cretaceous shales from the Molango Region, Hidalgo, eastern Mexico: Implications for source-area weathering, provenance, and tectonic setting. Comptes Rendus. Géoscience, 345, 185-202. https://doi.org/10.1016/j.crte.2013.03.004",10.1016/j.crte.2013.03.004,https://comptes-rendus.academie-sciences.fr/geoscience/articles/10.1016/j.crte.2013.03.004/,,,,
"Arthur, M.A., and Dean, W.E., 1998, Organic-matter production and preservation and evolution of anoxia in the Holocene Black Sea: Paleoceanography, v. 13, p. 395–411. doi: 10.1029/98PA01161.https://doi.org/10.1029/98pa01161",733,"Arthur & Dean, 1998","Arthur, M.A. & Dean, W.E. (1998). Organic‐matter production and preservation and evolution of anoxia in the Holocene Black Sea. Paleoceanography, 13, 395-411. https://doi.org/10.1029/98PA01161",10.1029/98PA01161,https://agupubs.onlinelibrary.wiley.com/doi/10.1029/98PA01161,TRUE,,,Added sample name as concatentation - e.g. GC01- GC08- and GC09- + sampledepth_m. Dataset it from here: https://doi.pangaea.de/10.1594/PANGAEA.859233
"Arthur, Michael A., and Walter E. Dean. ""Organic‐Matter Production and Preservation and Evolution of Anoxia in the Holocene Black Sea."" Paleoceanography 13, no. 4 (1998): 395-411. https://doi.org/10.1029/98pa01161.",733,"Arthur & Dean, 1998","Arthur, M.A. & Dean, W.E. (1998). Organic‐matter production and preservation and evolution of anoxia in the Holocene Black Sea. Paleoceanography, 13, 395-411. https://doi.org/10.1029/98PA01161",10.1029/98PA01161,https://agupubs.onlinelibrary.wiley.com/doi/10.1029/98PA01161,SEE ABOVE,,,
"Baioumy, Hassan, and Bernd Lehmann. ""Anomalous Enrichment of Redox-Sensitive Trace Elements in the Marine Black Shales from the Duwi Formation, Egypt: Evidence for the Late Cretaceous Tethys Anoxia."" Journal of African Earth Sciences 133 (2017): 7-14. https://doi.org/10.1016/j.jafrearsci.2017.05.006.",698,"Baioumy & Lehmann, 2017","Baioumy, H.M. & Lehmann, B. (2017). Anomalous enrichment of redox-sensitive trace elements in the marine black shales from the Duwi Formation, Egypt: Evidence for the late Cretaceous Tethys anoxia. Journal of African Earth Sciences, 133, 7-14. https://doi.org/10.1016/j.jafrearsci.2017.05.006",10.1016/j.jafrearsci.2017.05.006,https://linkinghub.elsevier.com/retrieve/pii/S1464343X17301875,,,,
"Baioumy, Hassan, Yuniarti Ulfa, Mohd Nawawi, Eswaran Padmanabhan, and Mohammad Noor Akmal Anuar. ""Mineralogy and Geochemistry of Palaeozoic Black Shales from Peninsular Malaysia: Implications for Their Origin and Maturation."" International Journal of Coal Geology 165 (2016): 90-105. https://doi.org/10.1016/j.coal.2016.08.007.",683,Baioumy et al. 2016,"Baioumy, H.M., Ulfa, Y., Nawawi, M., Padmanabhan, E. & Anuar, M.N. (2016). Mineralogy and geochemistry of Palaeozoic black shales from Peninsular Malaysia: Implications for their origin and maturation. International Journal of Coal Geology, 165, 90-105. https://doi.org/10.1016/j.coal.2016.08.007",10.1016/j.coal.2016.08.007,https://linkinghub.elsevier.com/retrieve/pii/S0166516216301288,TRUE,TRUE,TRUE,Sample names were half in samplename and half in site. Moved to samplename and updated sitenames with the numbers from the table in the paper + the state. Coded all as black shale instead of silicilclastic
"Baker, T. L. (1995). Elemental geochemistry and micropaleontology of an Upper Pennsylvanian black shale: The Haskell-Cass Cycle (Douglas Group), Southern Kansas. Masters Thesis. Texas Tech University. p. 152.",772,"Baker, 1995","Baker, T.L. (1995). Elemental geochemistry and micropaleontology of an Upper Pennsylvanian black shale: The Haskell-Cass Cycle (Douglas Group), Southern Kansas. [Master's thesis, Texas Tech University] http://hdl.handle.net/2346/12744",,http://hdl.handle.net/2346/12744,TRUE,,,Added samplename from table
"Ball, T. T., & Farmer, G. L. (1998). Infilling history of a Neoproterozoic intracratonic basin: Nd isotope provenance studies of the Uinta Mountain Group, Western United States. Precambrian Research, 87(1-2), 1–18.https://doi.org/10.1016/s0301-9268(97)00051-x",731,"Ball & Farmer, 1998","Ball, T.T. & Farmer, G.L. (1998). Infilling history of a Neoproterozoic intracratonic basin: Nd isotope provenance studies of the Uinta Mountain Group, Western United States. Precambrian Research, 87, 1-18. https://doi.org/10.1016/S0301-9268(97)00051-X",10.1016/S0301-9268(97)00051-X,https://linkinghub.elsevier.com/retrieve/pii/S030192689700051X,TRUE,TRUE,,"Found sample names, created  site name based on publication."
"Bangert, B. (2000). Tephrostratigraphy, petrography, geochemistry, age and fossil record of the Ganigobis Shale Member and associated glaciomarine deposits of the Dwyka Group, Late Carboniferous, southern Africa. PhD Dissertation. Bayerischen Julius-Maximilians-Universität Würzburg. p. 243.",778,"Bangert, 2000","Bangert, B. (2000). Tephrostratigraphy, petrography, geochemistry, age and fossil record of the Ganigobis Shale Member and associated glaciomarine deposits of the Dwyka Group, Late Carboniferous, southern Africa. [Doctoral thesis, Bayerischen Julius-Maximilians-Universität Würzburg] https://opus.bibliothek.uni-wuerzburg.de/opus4-wuerzburg/files/179/bangert.pdf",,https://opus.bibliothek.uni-wuerzburg.de/opus4-wuerzburg/files/179/bangert.pdf,,,,Added sitename (and site description) from thesis
"Bernasconi, S. M. M. (1991). Geochemical and microbial controls on dolomite formation and organic matter production/preservation in anoxic environments: A case study from the Middle Triassic Grenzbitumenzone, Southern Alps (Ticino, Switzerland). ETH. PhD Dissertation. p. 206.",766,"Bernasconi, 1991","Bernasconi, S.M. (1991). Geochemical and microbial controls on dolomite formation and organic matter production/preservation in anoxic environments: A case study from the Middle Triassic Grenzbitumenzone, Southern Alps (Ticino, Switzerland). [Doctoral thesis, ETH] https://doi.org/10.3929/ethz-a-000611458",10.3929/ethz-a-000611458,,TRUE,,,Added samplename from table
"Bisnett, A. J. (2001). Petrography and geochemistry of Pennsylvanian black shales in offshore and nearshore stratigraphic settings in Midcontinent and Illinois Basins. PhD Dissertation. University of Iowa p. 495.",788,"Bisnett, 2001","Bisnett, A.J. (2001). Petrography and geochemistry of Pennsylvanian black shales in offshore and nearshore stratigraphic settings in Midcontinent and Illinois Basins. [Doctoral thesis, University of Iowa]",,,,,,
"Bolhar, R., Hofmann, A., Siahi, M., Feng, Y. X., & Delvigne, C. (2015). A trace element and Pb isotopic investigation into the provenance and deposition of stromatolitic carbonates, ironstones and associated shales of the∼ 3.0 Ga Pongola Supergroup, Kaapvaal Craton. Geochimica et Cosmochimica Acta, 158, 57-78.https://doi.org/10.1016/j.gca.2015.02.026",693,Bolhar et al. 2015,"Bolhar, R., Hofmann, A., Siahi, M., Feng, Y. & Delvigne, C. (2015). A trace element and Pb isotopic investigation into the provenance and deposition of stromatolitic carbonates, ironstones and associated shales of the ∼3.0 Ga Pongola Supergroup, Kaapvaal Craton. Geochimica et Cosmochimica Acta, 158, 57-78. https://doi.org/10.1016/j.gca.2015.02.026",10.1016/j.gca.2015.02.026,https://linkinghub.elsevier.com/retrieve/pii/S001670371500109X,TRUE,,TRUE,Added samplename from table. Updated lithtype from table.
"Brumsack, H.-J. J. (1989). Geochemistry of recent TOC-rich sediments from the Gulf of California and the Black Sea. Geologische Rundschau, 78(3), 1–32.https://doi.org/10.1007/bf01829327",661,"Brumsack, 1989","Brumsack, H. (1989). Geochemistry of recent TOC-rich sediments from the Gulf of California and the Black Sea. Geologische Rundschau, 78, 851-882. https://doi.org/10.1007/BF01829327",10.1007/BF01829327,http://link.springer.com/10.1007/BF01829327,,,,
"Cabral, A. R., R. A. Creaser, T. Nägler, B. Lehmann, A. R. Voegelin, B. Belyatsky, J. Pašava, et al. ""Trace-Element and Multi-Isotope Geochemistry of Late-Archean Black Shales in the Carajás Iron-Ore District, Brazil."" Chemical Geology 362 (2013): 91-104. https://doi.org/10.1016/j.chemgeo.2013.08.041.",680,Cabral et al. 2013,"Cabral, A.R., Creaser, R.A., Nägler, T., Lehmann, B., Voegelin, A.R., Belyatsky, B., Pašava, J., Seabra Gomes, A.A., Galbiatti, H., Böttcher, M.E. & Escher, P. (2013). Trace-element and multi-isotope geochemistry of Late-Archean black shales in the Carajás iron-ore district, Brazil. Chemical Geology, 362, 91-104. https://doi.org/10.1016/j.chemgeo.2013.08.041",10.1016/j.chemgeo.2013.08.041,https://linkinghub.elsevier.com/retrieve/pii/S0009254113003884,,,,
"Caplan, M. L., & Bustin, R. M. (1998). Palaeoceanographic controls on geochemical characteristics of organic-rich Exshaw mudrocks: role of enhanced primary production. Organic Geochemistry, 30, 161–188.https://doi.org/10.1016/s0146-6380(98)00202-2",729,"Caplan & Bustin, 1999","Caplan, M.L. & Bustin, R.M. (1999). Palaeoceanographic controls on geochemical characteristics of organic-rich Exshaw mudrocks: role of enhanced primary production. Organic Geochemistry, 30, 161-188. https://doi.org/10.1016/S0146-6380(98)00202-2",10.1016/S0146-6380(98)00202-2,https://linkinghub.elsevier.com/retrieve/pii/S0146638098002022,,,,
"Carmichael, Sarah K., Johnny A. Waters, Cameron J. Batchelor, Drew M. Coleman, Thomas J. Suttner, Erika Kido, L. M. Moore, and Leona Chadimová. ""Climate Instability and Tipping Points in the Late Devonian: Detection of the Hangenberg Event in an Open Oceanic Island Arc in the Central Asian Orogenic Belt."" Gondwana Research 32 (2016): 213-31. https://doi.org/10.1016/j.gr.2015.02.009.",695,Carmichael et al. 2016,"Carmichael, S.K., Waters, J.A., Batchelor, C.J., Coleman, D.M., Suttner, T.J., Kido, E., Moore, L.M. & Chadimová, L. (2016). Climate instability and tipping points in the Late Devonian: Detection of the Hangenberg Event in an open oceanic island arc in the Central Asian Orogenic Belt. Gondwana Research, 32, 213-231. https://doi.org/10.1016/j.gr.2015.02.009",10.1016/j.gr.2015.02.009,https://linkinghub.elsevier.com/retrieve/pii/S1342937X15000568,,TRUE,,"Added sitename 'Near boulanger reservoir"". Note that lat-long in related paper is N 46°45′11″; E 86°08′20″ for formation base."
"Carter, J. E. (1998). Structure, Stratigraphy, and Geochemistry of the Upper Ordovician Lawrence Harbour Formation, Exploits Subzone, Newfoundland. Masters Thesis. Memorial University of Newfoundland. p. 171.",803,"Carter, 1998","Carter, J.E. (1998). Structure, stratigraphy, and geochemistry of the Upper Ordovician Lawrence Harbour formation, Exploits Subzone, Newfoundland. [Master's thesis, Memorial University of Newfoundland] http://research.library.mun.ca/id/eprint/10728",,http://research.library.mun.ca/id/eprint/10728,,TRUE,,"Added locations from published table (Standardised central nfld and Central NF as ""Central Newfoundland"". Made no attempt to translate UTM which are in the table. A few samples are from Scotland, not Newfoundland - removed Newfoundland from the ""region"" for those samples, did not code geological context. Changed lat-long. Did not change paleolat, palaeolon."
"Chen, Ruiqian, and Shikha Sharma. ""Role of Alternating Redox Conditions in the Formation of Organic-Rich Interval in the Middle Devonian Marcellus Shale, Appalachian Basin, USA."" Palaeogeography, Palaeoclimatology, Palaeoecology 446 (2016): 85-97. https://doi.org/10.1016/j.palaeo.2016.01.016.",710,"Chen & Sharma, 2016","Chen, R. & Sharma, S. (2016). Role of alternating redox conditions in the formation of organic-rich interval in the Middle Devonian Marcellus Shale, Appalachian Basin, USA. Palaeogeography, Palaeoclimatology, Palaeoecology, 446, 85-97. https://doi.org/10.1016/j.palaeo.2016.01.016",10.1016/j.palaeo.2016.01.016,https://linkinghub.elsevier.com/retrieve/pii/S0031018216000171,,,,
"Chen, Lan, Hugh C. Jenkyns, Guiwen Xu, Emanuela Mattioli, Xuejuan Da, Haisheng Yi, Minquan Xia, Zhangxiong Zhu, and Zhaohui Huang. ""Preliminary Nannofossil and Geochemical Data from Jurassic Black Shales from the Qiangtang Basin, Northern Tibet."" Journal of Asian Earth Sciences 115 (2016): 257-67. https://doi.org/10.1016/j.jseaes.2015.10.004.",699,Chen et al. 2016,"Chen, L., Jenkyns, H.C., Xu, G., Mattioli, E., Da, X., Yi, H., Xia, M., Zhu, Z. & Huang, Z. (2016). Preliminary nannofossil and geochemical data from Jurassic black shales from the Qiangtang Basin, northern Tibet. Journal of Asian Earth Sciences, 115, 257-267. https://doi.org/10.1016/j.jseaes.2015.10.004",10.1016/j.jseaes.2015.10.004,https://linkinghub.elsevier.com/retrieve/pii/S1367912015301097,,,,
"Chen, Chao, Chuan-Long Mu, Ken-Ken Zhou, Wei Liang, Xiang-Ying Ge, Xiu-Ping Wang, Qi-Yu Wang, and Bin-Song Zheng. ""The Geochemical Characteristics and Factors Controlling the Organic Matter Accumulation of the Late Ordovician-Early Silurian Black Shale in the Upper Yangtze Basin, South China."" Marine and Petroleum Geology 76 (2016): 159-75. https://doi.org/10.1016/j.marpetgeo.2016.04.022.",704,Chen et al. 2016,"Chen, C., Mu, C., Zhou, K., Liang, W., Ge, X., Wang, X., Wang, Q. & Zheng, B. (2016). The geochemical characteristics and factors controlling the organic matter accumulation of the Late Ordovician-Early Silurian black shale in the Upper Yangtze Basin, South China. Marine and Petroleum Geology, 76, 159-175. https://doi.org/10.1016/j.marpetgeo.2016.04.022",10.1016/j.marpetgeo.2016.04.022,https://linkinghub.elsevier.com/retrieve/pii/S0264817216301313,,,,
"Condie, K. C. C., Noll, P. D., & Conway, C. M. (1992). Geochemical and detrital mode evidence for two sources of Early Proterozoic sedimentary rocks from the Tonto Basin Supergroup, central Arizona. Sedimentary Geology, 77(1-2), 51–76.https://doi.org/10.1016/0037-0738(93)90006-q",749,Condie et al. 1992,"Condie, K.C., Noll, P.D. & Conway, C.M. (1992). Geochemical and detrital mode evidence for two sources of Early Proterozoic sedimentary rocks from the Tonto Basin Supergroup, central Arizona. Sedimentary Geology, 77, 51-76. https://doi.org/10.1016/0037-0738(92)90103-X",10.1016/0037-0738(92)90103-X,https://linkinghub.elsevier.com/retrieve/pii/003707389290103X,TRUE,TRUE,,"Added sample numbers from table. Took region (""Tonto Basin"") as the sitename."
"Cullers, Robert L, and Victor N Podkovyrov. ""The Source and Origin of Terrigenous Sedimentary Rocks in the Mesoproterozoic Ui Group, Southeastern Russia."" Precambrian Research 117, no. 3-4 (2002): 157-83.https://doi.org/10.1016/s0301-9268(02)00079-7",730,"Cullers & Podkovyrov, 2002","Cullers, R.L. & Podkovyrov, V.N. (2002). The source and origin of terrigenous sedimentary rocks in the Mesoproterozoic Ui group, southeastern Russia. Precambrian Research, 117, 157-183. https://doi.org/10.1016/S0301-9268(02)00079-7",10.1016/S0301-9268(02)00079-7,https://linkinghub.elsevier.com/retrieve/pii/S0301926802000797,TRUE,TRUE,,Added sample numbers from the table. Took region as sitename.
"Davis, C., Pratt, L.M., Sliter, W.V., Mompart, L., Murat, B., 1999. Factors influencing organic carbon and trace metal accumulation in the Upper Cretaceous La Luna Formation of the western Maracaibo Basin, Venezuela. Geological Society of America Special Papers 332, 203-230.https://doi.org/10.1130/0-8137-2332-9.203",801,Davis et al. 1999,"Davis, C., Pratt, L.M., Sliter, W.V., Mompart, L. & Murat, B. (1999). Factors influencing organic carbon and trace metal accumulation in the Upper Cretaceous La Luna Formation of the western Maracaibo Basin, Venezuela. In: Barrera, E. & Johnson, C.C. (Eds.), Evolution of the Cretaceous Ocean-Climate System (pp. 203-230). Geological Society of America. https://doi.org/10.1130/0-8137-2332-9.203",10.1130/0-8137-2332-9.203,https://pubs.geoscienceworld.org/books/book/478/chapter/3800038,,,,
"de la Rue, Sarah Renee. ""Implications for an Anoxia-Related Control on Green Algal Distributions in the Late Devonian Frasnian /Famennian Boundary."" University of Idaho, 2010.",786,"de la Rue, 2010","de la Rue, S.R. (2010). Implications for an Anoxia-Related Control on Green Algal Distributions in the Late Devonian Frasnian/Famennian Boundary. [Doctoral thesis, University of Idaho] https://www.proquest.com/docview/608923045",https://www.proquest.com/docview/608923045,,,,,
"Paola Di Leo, Enrico Dinelli, Giovanni Mongelli, and Marcello Schiattarella. ""Geology and Geochemistry of Jurassic Pelagic Sediments, Scisti Silicei Formation, Southern Apennines, Italy."" Sedimentary Geology Vol.150, no. No.3-4 (2002): 229-46. https://doi.org/10.1016/s0037-0738(01)00181-6.",727,Di Leo et al. 2002,"Di Leo, P., Dinelli, E., Mongelli, G. & Schiattarella, M. (2002). Geology and geochemistry of Jurassic pelagic sediments, Scisti silicei Formation, southern Apennines, Italy. Sedimentary Geology, 150, 229-246. https://doi.org/10.1016/S0037-0738(01)00181-6",10.1016/S0037-0738(01)00181-6,https://linkinghub.elsevier.com/retrieve/pii/S0037073801001816,,TRUE,,Sitename added  based on description in publication.
"Dong, Tian. ""Geochemical, Petrophysical and Geomechanical Properties of Stratigraphic Sequences in Horn River Shale, Middle and Upper Devonian, Northeastern British Columbia, Canada."" University of Alberta, 2017.https://doi.org/10.7939/R3CZ32G43",767,"Dong, 2016","Dong, T. (2016). Geochemical, petrophysical and geomechanical properties of stratigraphic sequences in Horn River Shale, Middle and Upper Devonian, Northeastern British Columbia, Canada. [Doctoral thesis, University of Alberta] https://doi.org/10.7939/R3CZ32G43",10.7939/R3CZ32G43,https://era.library.ualberta.ca/items/ea54fbcf-34f5-439c-86c7-ff74b0714be7,TRUE,,,Added samplename as sitename + height
"Dypvik, H., & Zakharov, V. (2012). Fine-grained epicontinental Arctic sedimentation – mineralogy and geochemistry of shales from the Late Jurassic-Early Cretaceous transition. Norwegian Journal of Geology, 92, 65–87.",750,"Dypvik & Zakharov, 2012","Dypvik, H. & Zakharov, V. (2012). Fine-grained epicontinental Arctic sedimentation – mineralogy and geochemistry of shales from the Late Jurassic-Early Cretaceous transition Henning Dypvik & Victor Zakharov. Norwegian Journal of Geology, 92, 65-87.",,,,TRUE,,Added sitename from Region - corrected region for some samples (Svalbard and North Greenland were mixed up). Corrected lat-long. Corrected country.
"Eroglu, S., Schoenberg, R., Wille, M., Beukes, N., & Taubald, H. (2015). Geochemical stratigraphy, sedimentology, and Mo isotope systematics of the ca. 2.58–2.50Ga-old Transvaal Supergroup carbonate platform, South Africa. Precambrian Research, 266, 27–46.https://doi.org/10.1016/j.precamres.2015.04.014",722,Eroglu et al. 2015,"Eroglu, S., Schoenberg, R., Wille, M., Beukes, N.J. & Taubald, H. (2015). Geochemical stratigraphy, sedimentology, and Mo isotope systematics of the ca. 2.58–2.50 Ga-old Transvaal Supergroup carbonate platform, South Africa. Precambrian Research, 266, 27-46. https://doi.org/10.1016/j.precamres.2015.04.014",10.1016/j.precamres.2015.04.014,https://linkinghub.elsevier.com/retrieve/pii/S0301926815001266,TRUE,,,Added samplename as sitename + height
"Fleurance, Stéphanie, Michel Cuney, Fabrice Malartre, and Jean Reyx. ""Origin of the Extreme Polymetallic Enrichment (Cd, Cr, Mo, Ni, U, V, Zn) of the Late Cretaceous–Early Tertiary Belqa Group, Central Jordan."" Palaeogeography, Palaeoclimatology, Palaeoecology 369 (2013): 201-19. https://doi.org/10.1016/j.palaeo.2012.10.020.",706,Fleurance et al. 2013,"Fleurance, S., Cuney, M., Malartre, F. & Reyx, J. (2013). Origin of the extreme polymetallic enrichment (Cd, Cr, Mo, Ni, U, V, Zn) of the Late Cretaceous–Early Tertiary Belqa Group, central Jordan. Palaeogeography, Palaeoclimatology, Palaeoecology, 369, 201-219. https://doi.org/10.1016/j.palaeo.2012.10.020",10.1016/j.palaeo.2012.10.020,https://linkinghub.elsevier.com/retrieve/pii/S0031018212005883,,TRUE,,Added sitename from Region (central Jordan)
"Fraser, K. H. A. (2005). The Sedimentology and Geochemistry ofthe Second White Specks Formation, North/Central Alberta, Canada. Masters Thesis. University of Alberta. p. 602.",802,"Fraser, 2005","Fraser, K.H. (2005). The sedimentology and geochemistry of the Second White Specks Formation, north/central Alberta, Canada. [Master's thesis, University of Alberta] https://doi.org/10.7939/r3-cadd-zv88",10.7939/r3-cadd-zv88,,,,,
"Frimmel, H. E., Tack, L., Basei, M. S., Nutman, A. P., & Boven, A. (2006). Provenance and chemostratigraphy of the Neoproterozoic West Congolian Group in the Democratic Republic of Congo. Journal of African Earth Sciences, 46(3), 221–239.https://doi.org/10.1016/j.jafrearsci.2006.04.010",696,Frimmel et al. 2006,"Frimmel, H.E., Tack, L., Basei, M.S., Nutman, A.P. & Boven, A. (2006). Provenance and chemostratigraphy of the Neoproterozoic West Congolian Group in the Democratic Republic of Congo. Journal of African Earth Sciences, 46, 221-239. https://doi.org/10.1016/j.jafrearsci.2006.04.010",10.1016/j.jafrearsci.2006.04.010,https://linkinghub.elsevier.com/retrieve/pii/S1464343X0600118X,TRUE,TRUE,,"Sample names added from published table, sitename from the region (just used West Congo Belt) Note carbonate data in this paper which was not added."
"Fu, Xiugen, Fuwen Tan, Xinglei Feng, Dong Wang, Wenbin Chen, Chunyan Song, and Shengqiang Zeng. ""Early Jurassic Anoxic Conditions and Organic Accumulation in the Eastern Tethys."" International Geology Review 56, no. 12 (2014): 1450-65. https://doi.org/10.1080/00206814.2014.945103.",735,Fu et al. 2014,"Fu, X., Tan, F., Feng, X., Wang, D., Chen, W., Song, C. & Zeng, S. (2014). Early Jurassic anoxic conditions and organic accumulation in the eastern Tethys. International Geology Review, 56, 1450-1465. https://doi.org/10.1080/00206814.2014.945103",10.1080/00206814.2014.945103,https://www.tandfonline.com/doi/full/10.1080/00206814.2014.945103,,,,
"Fu, Xiugen, Jian Wang, Yuhong Zeng, Fuwen Tan, and Xinglei Feng. ""Trace Elements and Their Behaviour During the Combustion of Marine Oil Shale from Changliang Mountain, Northern Tibet, China."" Environmental Earth Sciences 70, no. 3 (2012): 1125-34. https://doi.org/10.1007/s12665-012-2199-5.",735,Fu et al. 2014,"Fu, X., Tan, F., Feng, X., Wang, D., Chen, W., Song, C. & Zeng, S. (2014). Early Jurassic anoxic conditions and organic accumulation in the eastern Tethys. International Geology Review, 56, 1450-1465. https://doi.org/10.1080/00206814.2014.945103",10.1080/00206814.2014.945103,https://www.tandfonline.com/doi/full/10.1080/00206814.2014.945103,,,,
"Fu, Xiugen, Jian Wang, Xinglei Feng, Wenbin Chen, Dong Wang, Chunyan Song, and Shengqiang Zeng. ""Mineralogical Composition of and Trace-Element Accumulation in Lower Toarcian Anoxic Sediments: A Case Study from the Bilong Co. Oil Shale, Eastern Tethys."" Geological Magazine 153, no. 4 (2015): 618-34. https://doi.org/10.1017/s0016756815000758.",735,Fu et al. 2014,"Fu, X., Tan, F., Feng, X., Wang, D., Chen, W., Song, C. & Zeng, S. (2014). Early Jurassic anoxic conditions and organic accumulation in the eastern Tethys. International Geology Review, 56, 1450-1465. https://doi.org/10.1080/00206814.2014.945103",10.1080/00206814.2014.945103,https://www.tandfonline.com/doi/full/10.1080/00206814.2014.945103,,,,
"Fujisaki, Wataru, Yusuke Sawaki, Shinji Yamamoto, Tomohiko Sato, Manabu Nishizawa, Brian F. Windley, and Shigenori Maruyama. ""Tracking the Redox History and Nitrogen Cycle in the Pelagic Panthalassic Deep Ocean in the Middle Triassic to Early Jurassic: Insights from Redox-Sensitive Elements and Nitrogen Isotopes."" Palaeogeography, Palaeoclimatology, Palaeoecology 449 (2016): 397-420. https://doi.org/10.1016/j.palaeo.2016.01.039.",712,Fujisaki et al. 2016,"Fujisaki, W., Sawaki, Y., Yamamoto, S., Sato, T., Nishizawa, M., Windley, B.F. & Maruyama, S. (2016). Tracking the redox history and nitrogen cycle in the pelagic Panthalassic deep ocean in the Middle Triassic to Early Jurassic: Insights from redox-sensitive elements and nitrogen isotopes. Palaeogeography, Palaeoclimatology, Palaeoecology, 449, 397-420. https://doi.org/10.1016/j.palaeo.2016.01.039",10.1016/j.palaeo.2016.01.039,https://linkinghub.elsevier.com/retrieve/pii/S003101821600047X,,,,
"Gao, Ping, Guangdi Liu, Chengzao Jia, Allison Young, Zecheng Wang, Tongshan Wang, Pengwei Zhang, and Dapeng Wang. ""Redox Variations and Organic Matter Accumulation on the Yangtze Carbonate Platform During Late Ediacaran–Early Cambrian: Constraints from Petrology and Geochemistry."" Palaeogeography, Palaeoclimatology, Palaeoecology 450 (2016): 91-110. https://doi.org/10.1016/j.palaeo.2016.02.058.",713,Gao et al. 2016,"Gao, P., Liu, G., Jia, C., Young, A., Wang, Z., Wang, T., Zhang, P. & Wang, D. (2016). Redox variations and organic matter accumulation on the Yangtze carbonate platform during Late Ediacaran–Early Cambrian: Constraints from petrology and geochemistry. Palaeogeography, Palaeoclimatology, Palaeoecology, 450, 91-110. https://doi.org/10.1016/j.palaeo.2016.02.058",10.1016/j.palaeo.2016.02.058,https://linkinghub.elsevier.com/retrieve/pii/S0031018216001607,,,,
"GAO Lianfeng, ZHOU Wei, ZHANG Ying, et al. Geochemical characteristics of marine strata and the evolution of paleoceanographic environment from Late Jurassic to Early Cretaceous in Gonggar, Southern Tibet. Earth Science Frontiers, 2017, 24(1): 195-204",751,Gao et al. 2017,"Gao, L., Zhou, W., Zhang, Y., Leng, C., Zhang, Z., Jiming, Y., Cui, Y. & Wan, X. (2017). Geochemical characteristics of marine strata and the evolution of paleoceanographic environment from Late Jurassic to Early Cretaceous in Gonggar, Southern Tibet. Earth Science Frontiers, 24, 195-204. https://doi.org/10.13745/j.esf.2017.01.012",10.13745/j.esf.2017.01.012,,,,,
"Genger, D., Sethi, P., 1998. A geochemical and sedimentological investigation of high-resolution environmental changes within the Late Pennsylvanian (Missourian) Eudora core black shale of the Mid-Continent region, U.S.A. in Schieber, J., Zimmerle, W., Sethi, P.S., eds. Shales and Mudstone I and II E. Schweizerbart’sche Verlagsbuchhandlung, Stuttgart p. 271-293.",799,"Genger & Sethi, 1998","Genger, D. & Sethi, P.S. (1998). A geochemical and sedimentological investigation of high-resolution environmental changes within the Late Pennsylvanian (Missourian) Eudora core black shale of the Mid-Continent region, U.S.A.. In: Schieber, J., Zimmerle, W. & Sethi, P.S. (Eds.), Shales and Mudstones I and II (pp. 271-293). E. Schweizerbart’sche Verlagsbuchhandlung.",,,,TRUE,,Added sitename as region (note - v. broad) - did not have access to table
"Georgiev, Svetoslav, Holly J. Stein, Judith L. Hannah, Hermann M. Weiss, Bernard Bingen, Guangping Xu, Elin Rein, et al. ""Chemical Signals for Oxidative Weathering Predict Re–Os Isochroneity in Black Shales, East Greenland."" Chemical Geology 324-325 (2012): 108-21. https://doi.org/10.1016/j.chemgeo.2012.01.003.",676,Georgiev et al. 2012,"Georgiev, S.V., Stein, H.J., Hannah, J.L., Weiss, H.M., Bingen, B., Xu, G., Rein, E., Hatlø, V., Løseth, H., Nali, M. & Piasecki, S. (2012). Chemical signals for oxidative weathering predict Re–Os isochroneity in black shales, East Greenland. Chemical Geology, 324-325, 108-121. https://doi.org/10.1016/j.chemgeo.2012.01.003",10.1016/j.chemgeo.2012.01.003,https://linkinghub.elsevier.com/retrieve/pii/S0009254112000125,,,,"Added depth to two ""N/A"" samples, which are different samples with the same name."
"Georgiev, Svetoslav V., Holly J. Stein, Judith L. Hannah, Charles M. Henderson, and Thomas J. Algeo. ""Enhanced Recycling of Organic Matter and Os-Isotopic Evidence for Multiple Magmatic or Meteoritic Inputs to the Late Permian Panthalassic Ocean, Opal Creek, Canada."" Geochimica et Cosmochimica Acta 150 (2015): 192-210. https://doi.org/10.1016/j.gca.2014.11.019.",692,Georgiev et al. 2015,"Georgiev, S.V., Stein, H.J., Hannah, J.L., Henderson, C.M. & Algeo, T.J. (2015). Enhanced recycling of organic matter and Os-isotopic evidence for multiple magmatic or meteoritic inputs to the Late Permian Panthalassic Ocean, Opal Creek, Canada. Geochimica et Cosmochimica Acta, 150, 192-210. https://doi.org/10.1016/j.gca.2014.11.019",10.1016/j.gca.2014.11.019,https://linkinghub.elsevier.com/retrieve/pii/S0016703714006899,,,,
"Goren, O. (2015). Distribution and mineralogical residence of trace elements in the Israeli carbonate oil shales. Fuel, 143(C), 118–130.https://doi.org/10.1016/j.fuel.2014.11.024",689,"Goren, 2015","Goren, O. (2015). Distribution and mineralogical residence of trace elements in the Israeli carbonate oil shales. Fuel, 143, 118-130. https://doi.org/10.1016/j.fuel.2014.11.024",10.1016/j.fuel.2014.11.024,https://linkinghub.elsevier.com/retrieve/pii/S0016236114011181,TRUE,,TRUE,Added samplename from table. Updated lith carbonate oil shale
"Grasby, Stephen E., Benoit Beauchamp, and Jochen Knies. ""Early Triassic Productivity Crises Delayed Recovery from World’s Worst Mass Extinction."" Geology Vol.44, no. No.9 (2016): 779-82. https://doi.org/10.1130/abs/2016am-279493.",748,Grasby et al. 2016,"Grasby, S.E., Beauchamp, B. & Knies, J. (2016). Early Triassic productivity crises delayed recovery from world’s worst mass extinction. Geology, 44, 779-782. https://doi.org/10.1130/G38141.1",10.1130/G38141.1,https://pubs.geoscienceworld.org/geology/article/44/9/779/195282/Early-Triassic-productivity-crises-delayed,,,,
"Hakimi, Mohammed Hail, Wan Hasiah Abdullah, Mohammad Alqudah, Yousif M. Makeen, and Khairul Azlan Mustapha. ""Reducing Marine and Warm Climate Conditions During the Late Cretaceous, and Their Influence on Organic Matter Enrichment in the Oil Shale Deposits of North Jordan."" International Journal of Coal Geology 165 (2016): 173-89. https://doi.org/10.1016/j.coal.2016.08.015.",684,Hakimi et al. 2016,"Hakimi, M.H., Abdullah, W.H., Alqudah, M., Makeen, Y.M. & Mustapha, K.A. (2016). Reducing marine and warm climate conditions during the Late Cretaceous, and their influence on organic matter enrichment in the oil shale deposits of North Jordan. International Journal of Coal Geology, 165, 173-189. https://doi.org/10.1016/j.coal.2016.08.015",10.1016/j.coal.2016.08.015,https://linkinghub.elsevier.com/retrieve/pii/S0166516216302099,,,,
"Hakimi, Mohammed Hail, Wan Hasiah Abdullah, Yousif M. Makeen, Shadi A. Saeed, Hitham Al-Hakame, Tareq Al-Moliki, Kholah Qaid Al-Sharabi, and Baleid Ali Hatem. ""Geochemical Characterization of the Jurassic Amran Deposits from Sharab Area (Sw Yemen): Origin of Organic Matter, Paleoenvironmental and Paleoclimate Conditions During Deposition."" Journal of African Earth Sciences 129 (2017): 579-95. https://doi.org/10.1016/j.jafrearsci.2017.01.009.",697,Hakimi et al. 2017,"Hakimi, M.H., Abdullah, W.H., Makeen, Y.M., Saeed, S.A., Al-Hakame, H., Al-Moliki, T., Al-Sharabi, K.Q. & Hatem, B.A. (2017). Geochemical characterization of the Jurassic Amran deposits from Sharab area (SW Yemen): Origin of organic matter, paleoenvironmental and paleoclimate conditions during deposition. Journal of African Earth Sciences, 129, 579-595. https://doi.org/10.1016/j.jafrearsci.2017.01.009",10.1016/j.jafrearsci.2017.01.009,https://linkinghub.elsevier.com/retrieve/pii/S1464343X17300109,,,,
"Hatch, J. R., & Leventhal, J. S. (1992). Relationship between inferred redox potential of the depositional environment and geochemistry of the Upper Pennsylvanian (Missourian) Stark Shale Member of the Dennis Limestone, Wabaunsee County, Kansas, U.S.A. Chemical Geology, 99, 65–82.https://doi.org/10.1016/0009-2541(92)90031-y",666,"Hatch & Leventhal, 1992","Hatch, J.R. & Leventhal, J.S. (1992). Relationship between inferred redox potential of the depositional environment and geochemistry of the Upper Pennsylvanian (Missourian) Stark Shale Member of the Dennis Limestone, Wabaunsee County, Kansas, U.S.A.. Chemical Geology, 99, 65-82. https://doi.org/10.1016/0009-2541(92)90031-Y",10.1016/0009-2541(92)90031-Y,https://linkinghub.elsevier.com/retrieve/pii/000925419290031Y,,,,
"Hatch, J. R., & Leventhal, J. S. (1997). Early diagenetic partial oxidation of organic matter and sulfides in the Middle Pennsylvanian (Desmoinesian) Excello Shale Member of the Fort Scott Limestone and equivalents, northern Midcontinent region, USA. Chemical Geology, 134, 215–235.https://doi.org/10.1016/s0009-2541(96)00006-x",725,"Hatch & Leventhal, 1997","Hatch, J.R. & Leventhal, J.S. (1997). Early diagenetic partial oxidation of organic matter and sulfides in the Middle Pennsylvanian (Desmoinesian) Excello Shale member of the Fort Scott Limestone and equivalents, northern Midcontinent region, USA. Chemical Geology, 134, 215-235. https://doi.org/10.1016/S0009-2541(96)00006-X",10.1016/S0009-2541(96)00006-X,https://linkinghub.elsevier.com/retrieve/pii/S000925419600006X,,TRUE,,"Used TRS from table for sitenames, took asterisks off the sample names in case they cause issues."
"Hirst, D.M., 1974. Geochemistry of sediments from eleven Black Sea cores. In: Degens, E.T., Ross, D.A. (Eds.), The Black Sea—Geology, Chemistry, and Biology. American Association of Petroleum Geologists Memoirs vol. 20, pp. 430–455.https://doi.org/10.1306/bf9ab363-0eb6-11d7-8643000102c1865d",797,"Hirst, 1974","Hirst, D.M. (1974). Geochemistry of Sediments from Eleven Black Sea Cores. In: Degens, E.T. & Ross, D.A. (Eds.), The Black Sea--Geology, Chemistry, and Biology (pp. 430-455). American Association of Petroleum Geologists. https://doi.org/10.1306/M20377C10",10.1306/M20377C10,https://pubs.geoscienceworld.org/books/book/1476/chapter/107176568,TRUE,,,Added samplename as sitename + height
"Hu, Junjie, Qi Li, Juan Li, Jing Huang, and Dongsheng Ge. ""Geochemical Characteristics and Depositional Environment of the Middle Permian Mudstones from Central Qiangtang Basin, Northern Tibet."" Geological Journal 51, no. 4 (2015): 560-71. https://doi.org/10.1002/gj.2653.",660,Hu et al. 2016,"Hu, J., Li, Q., Li, J., Huang, J. & Ge, D. (2016). Geochemical characteristics and depositional environment of the Middle Permian mudstones from central Qiangtang Basin, northern Tibet. Geological Journal, 51, 560-571. https://doi.org/10.1002/gj.2653",10.1002/gj.2653,https://onlinelibrary.wiley.com/doi/10.1002/gj.2653,,,,
"Huang, J., Chu, X., Lyons, T. W., Planavsky, N. J., & Wen, H. (2013). A new look at saponite formation and its implications for early animal records in the Ediacaran of South China. Geobiology, 11(1), 3–14.https://doi.org/10.1111/gbi.12018",736,Huang et al. 2013,"Huang, J., Chu, X., Lyons, T.W., Planavsky, N.J. & Wen, H. (2013). A new look at saponite formation and its implications for early animal records in the Ediacaran of South China. Geobiology, 11, 3-14. https://doi.org/10.1111/gbi.12018",10.1111/gbi.12018,https://onlinelibrary.wiley.com/doi/10.1111/gbi.12018,,,,"May have some overlap with Och 2016, but if so it is for a small number of samples. Added new. JLW13, JLW20, JLW44."
"Jaminski, J. M. (1997). Geochemical and petrographic patterns of cyclicity in the Devonian-Mississippian black shales of the central Appalachian Basin.https://doi.org/10.1016/j.chemgeo.2003.12.029",789,"Jaminski, 1997","Jaminski, J. (1997). Geochemical and petrographic patterns of cyclicity in the Devonian-Mississippian black shales of the central Appalachian Basin. [Doctoral thesis, University of Cincinnati]",,,TRUE,,,Added samplename as sitename + height (did not have access to original table)
"Karma, R. (1991). Geology and Geochemistry of the Bakken Formation (Devonian-Mississippian) in Saskatchewan. Masters Thesis. University of Regina, p. 308",760,"Karma, 1991","Karma, R. (1991). Geology and Geochemistry of the Bakken Formation (Devonian-Mississippian) in Saskatchewan. [Master's thesis, University of Regina] https://pubsaskdev.blob.core.windows.net/pubsask-prod/88032/88032-Karma-Parslow_1989_MiscRep89-4.pdf",,https://pubsaskdev.blob.core.windows.net/pubsask-prod/88032/88032-Karma-Parslow_1989_MiscRep89-4.pdf,,TRUE,,"Updated so that verbatim formation had Upper Middle Lower as described in the table (only the Middle ones were specified), Changed the latitude on one sample (id_new 20405), longitude on (20061 20526 20587) which had the same sitename, same longitude etc. as others. Updated lat-long for new_id 20252/dm_sed_id 20724 to match the samples that appear to be from the same section. (modlon was the same, modlat and paleo coords were different). Update paleo lat-long, and the samplename (419 to 439) for 20441/20913, which did not match samples with the same modlat and modlon, and didn't fit in the sequence (looks like it probably was mis-translated from the PDF which is blurry at that point)."
"Klein, C., & Beukes, N. J. (1993). Sedimentology and geochemistry of the glaciogenic late Proterozoic Rapitan Iron-Formation in Canada. Economic Geology, 88(3), 542–565.https://doi.org/10.2113/gsecongeo.88.3.542",669,"Klein & Beukes, 1993","Klein, C. & Beukes, N.J. (1993). Sedimentology and geochemistry of the glaciogenic late Proterozoic Rapitan Iron-Formation in Canada. Economic Geology, 88, 542-565. https://doi.org/10.2113/gsecongeo.88.3.542",10.2113/gsecongeo.88.3.542,http://pubs.geoscienceworld.org/economicgeology/article/88/3/542/21138/Sedimentology-and-geochemistry-of-the-glaciogenic,TRUE,,,Added samplename as borehole + height (in ft). Added sample height in meters.
"Lazar, Ovidiu Remus. ""Redefinition of the New Albany Shale of the Illinois Basin: An Integrated, Stratigraphic, Sedimentologic, and Geochemical Study."" Indiana University, 2007.",790,"Lazar, 2007","Lazar, O.R. (2007). Redefinition of the New Albany Shale of the Illinois Basin: An Integrated, Stratigraphic, Sedimentologic, and Geochemical Study. [Doctoral thesis, Indiana University]",,,,,,
"Legg, Joel Arthur. Assessment of the Petroleum Generation Potential of the Neal Shale in the Black Warrior Basin, Alabama. 2014.",762,"Legg, 2014","Legg, J.A. (2014). Assessment of the petroleum generation potential of the Neal Shale in the Black Warrior Basin, Alabama. [Doctoral thesis, University of Alabama]",,,TRUE,,,Added samplename as sitename and depth (in ft from table).
"Lev, S. M. (1998). Integrated Petrographic and Geochemical Characterization of Rare Earth Element and Uranium Mobility in Llandeilo-Caradoc Formation Black Shales, Wales, U.K.",793,"Lev, 1998","Lev, S.M. (1998). Integrated petrographic and geochemical characterization of rare earth element and uranium mobility in Llandeilo-Caradoc Formation black shales, Wales, U.K.. [Doctoral thesis, State University of New York at Stony Brook]",,,TRUE,TRUE,,Added sample numbers from table. Added new site name (Abereiddi Bay and Traeth Llfyn) based on loc map.
"Lézin, Carine, Bernard Andreu, Pierre Pellenard, Jean-Luc Bouchez, Laurent Emmanuel, Philippe Fauré, and Philippe Landrein. ""Geochemical Disturbance and Paleoenvironmental Changes During the Early Toarcian in Nw Europe."" Chemical Geology 341 (2013): 1-15. https://doi.org/10.1016/j.chemgeo.2013.01.003.",679,Lézin et al. 2013,"Lézin, C., Andreu, B., Pellenard, P., Bouchez, J., Emmanuel, L., Fauré, P. & Landrein, P. (2013). Geochemical disturbance and paleoenvironmental changes during the Early Toarcian in NW Europe. Chemical Geology, 341, 1-15. https://doi.org/10.1016/j.chemgeo.2013.01.003",10.1016/j.chemgeo.2013.01.003,https://linkinghub.elsevier.com/retrieve/pii/S0009254113000314,,,,
"Li, Yanfang, Tongwei Zhang, Geoffrey S Ellis, and Deyong Shao. ""Depositional Environment and Organic Matter Accumulation of Upper Ordovician–Lower Silurian Marine Shale in the Upper Yangtze Platform, South China."" Palaeogeography, Palaeoclimatology, Palaeoecology 466 (2017): 252-64.https://doi.org/10.1016/j.palaeo.2016.11.037",715,Li et al. 2017,"Li, Y., Zhang, T., Ellis, G.S. & Shao, D. (2017). Depositional environment and organic matter accumulation of Upper Ordovician–Lower Silurian marine shale in the Upper Yangtze Platform, South China. Palaeogeography, Palaeoclimatology, Palaeoecology, 466, 252-264. https://doi.org/10.1016/j.palaeo.2016.11.037",10.1016/j.palaeo.2016.11.037,https://linkinghub.elsevier.com/retrieve/pii/S0031018216307751,,,,
"Monaco, S Lo, L López, H Rojas, D Garcia, P Premovic, and H Briceño. ""Distribution of Major and Trace Elements in La Luna Formation, Southwestern Venezuelan Basin."" Organic geochemistry 33, no. 12 (2002): 1593-608.https://doi.org/10.1016/s0146-6380(02)00122-5",728,Lo Mónaco et al. 2002,"Lo Mónaco, S., López, L., Rojas, H., Garcia, D., Premovic, P. & Briceño, H. (2002). Distribution of major and trace elements in La Luna Formation, Southwestern Venezuelan Basin. Organic Geochemistry, 33, 1593-1608. https://doi.org/10.1016/S0146-6380(02)00122-5",10.1016/S0146-6380(02)00122-5,https://linkinghub.elsevier.com/retrieve/pii/S0146638002001225,,,,
"Locklair, Robert Eric. Causes and Consequences of Marine Carbon Burial: Examples from the Cretaceous Niobrara Formation and the Permian Brushy Canyon Formation. Northwestern University, 2007.",792,"Locklair, 2007","Locklair, R.E. (2007). Causes and Consequences of Marine Carbon Burial: Examples from the Cretaceous Niobrara Formation and the Permian Brushy Canyon Formation. [Doctoral thesis, Northwestern University]",,,,,,
"Long, Jie, and Kunli Luo. ""Trace Element Distribution and Enrichment Patterns of Ediacaran-Early Cambrian, Ziyang Selenosis Area, Central China: Constraints for the Origin of Selenium."" Journal of Geochemical Exploration 172 (2017): 211-30. https://doi.org/10.1016/j.gexplo.2016.11.010.",694,"Long & Luo, 2017","Long, J. & Luo, K. (2017). Trace element distribution and enrichment patterns of Ediacaran-early Cambrian, Ziyang selenosis area, Central China: Constraints for the origin of Selenium. Journal of Geochemical Exploration, 172, 211-230. https://doi.org/10.1016/j.gexplo.2016.11.010",10.1016/j.gexplo.2016.11.010,https://linkinghub.elsevier.com/retrieve/pii/S0375674216303107,,,,
"Loukola-Ruskeeniemi, K., & Heino, T. (1996). Geochemistry and genesis of the black shale-hosted Ni-Cu-Zn deposit at Talvivaara, Finland. Economic Geology, 91(1), 80–110.https://doi.org/10.2113/gsecongeo.91.1.80",745,"Loukola-Ruskeeniemi & Heino, 1996","Loukola-Ruskeeniemi, K. & Heino, T. (1996). Geochemistry and genesis of the black shale-hosted Ni-Cu-Zn deposit at Talvivaara, Finland. Economic Geology, 91, 80-110. https://doi.org/10.2113/gsecongeo.91.1.80",10.2113/gsecongeo.91.1.80,http://pubs.geoscienceworld.org/economicgeology/article/91/1/80/21633/Geochemistry-and-genesis-of-the-black-shalehosted,TRUE,TRUE,,"Added sample numbers from published table (note that they are vague and repetetive - added ""(Ni-rich profile)"" to distinguish), and added new site names based on table."
"Luo, Q., Zhong, N., Zhu, L., Wang, Y., Qin, J., Qi, L., et al. (2012). Correlation of burial organic carbon and paleoproductivity in the Mesoproterozoic Hongshuizhuang Formation, northern North China. Chinese Science Bulletin, 58(11), 1299–1309.https://doi.org/10.1007/s11434-012-5534-z",664,Luo et al. 2013,"Luo, Q., Zhong, N., Zhu, L., Wang, Y., Qin, J., Qi, L., Zhang, Y. & Ma, Y. (2013). Correlation of burial organic carbon and paleoproductivity in the Mesoproterozoic Hongshuizhuang Formation, northern North China. Chinese Science Bulletin, 58, 1299-1309. https://doi.org/10.1007/s11434-012-5534-z",10.1007/s11434-012-5534-z,http://link.springer.com/10.1007/s11434-012-5534-z,,,,
"Ma, Kui, Suyun Hu, Tongshan Wang, Baomin Zhang, Shengfei Qin, Shuyuan Shi, Kun Wang, and Huang Qingyu. ""Sedimentary Environments and Mechanisms of Organic Matter Enrichment in the Mesoproterozoic Hongshuizhuang Formation of Northern China."" Palaeogeography, Palaeoclimatology, Palaeoecology 475 (2017): 176-87.https://doi.org/10.1016/j.palaeo.2017.02.038",717,Ma et al. 2017,"Ma, K., Hu, S., Wang, T., Zhang, B., Qin, S., Shi, S., Wang, K. & Qingyu, H. (2017). Sedimentary environments and mechanisms of organic matter enrichment in the Mesoproterozoic Hongshuizhuang Formation of northern China. Palaeogeography, Palaeoclimatology, Palaeoecology, 475, 176-187. https://doi.org/10.1016/j.palaeo.2017.02.038",10.1016/j.palaeo.2017.02.038,https://linkinghub.elsevier.com/retrieve/pii/S0031018216307696,,,,
"Madhavaraju, Jayagopal, Erik Ramírez-Montoya, Rogelio Monreal, Carlos M González-León, Teresa Pi-Puig, Inocente G Espinoza-Maldonado, and Francisco J Grijalva-Noriega. ""Paleoclimate, Paleoweathering and Paleoredox Conditions of Lower Cretaceous Shales from the Mural Limestone, Tuape Section, Northern Sonora, Mexico: Constraints from Clay Mineralogy and Geochemistry."" Revista mexicana de ciencias geológicas 33, no. 1 (2016): 34-48.https://doi.org/10.1016/j.jafrearsci.2022.104670",752,Madhavaraju et al. 2016,"Madhavaraju, J., Ramírez-Montoya, E., Monreal, R., González-León, C.M., Pi-Puig, T., Espinoza-Maldonado, I.G. & Grijalva-Noriega, F.J. (2016). Paleoclimate, paleoweathering and paleoredox conditions of Lower Cretaceous shales from the Mural Limestone, Tuape section, northern Sonora, Mexico: Constraints from clay mineralogy and geochemistry. Revista mexicana de ciencias geológicas, 33, 34-48.",,,,,,
"Marynowski, Leszek, Michał Zatoń, Michał Rakociński, Paweł Filipiak, Slawomir Kurkiewicz, and Tim J. Pearce. ""Deciphering the Upper Famennian Hangenberg Black Shale Depositional Environments Based on Multi-Proxy Record."" Palaeogeography, Palaeoclimatology, Palaeoecology 346-347 (2012): 66-86. https://doi.org/10.1016/j.palaeo.2012.05.020.",705,Marynowski et al. 2012,"Marynowski, L., Zatoń, M., Rakociński, M., Filipiak, P., Kurkiewicz, S. & Pearce, T.J. (2012). Deciphering the upper Famennian Hangenberg Black Shale depositional environments based on multi-proxy record. Palaeogeography, Palaeoclimatology, Palaeoecology, 346-347, 66-86. https://doi.org/10.1016/j.palaeo.2012.05.020",10.1016/j.palaeo.2012.05.020,https://linkinghub.elsevier.com/retrieve/pii/S0031018212002866,,,,
"Matthäi, S. K., & Henley, R. W. (1996). Geochemistry and depositional environment of the gold-mineralized Proterozoic Koolpin Formation, Pine Creek Inlier, Northern Australia: a comparison with modern shale sequences. Precambrian Research, 78(4), 211–235.https://doi.org/10.1016/0301-9268(95)00057-7",671,"Matthäi & Henley, 1996","Matthäi, S.K. & Henley, R.W. (1996). Geochemistry and depositional environment of the gold-mineralized Proterozoic Koolpin Formation, Pine Creek Inlier, Northern Australia: a comparison with modern shale sequences. Precambrian Research, 78, 211-235. https://doi.org/10.1016/0301-9268(95)00057-7",10.1016/0301-9268(95)00057-7,https://linkinghub.elsevier.com/retrieve/pii/0301926895000577,TRUE,TRUE,TRUE,"Added samplenames from table and used region for sitename (Cosmo Howley), assumed site was outcrop (open pits). Changed rock type from siliciclastic to carbonaceous slate based on table."
"Meinhold, G., Whitham, A. G., Howard, J. P., Stewart, J. C., Abutarruma, Y., & Thusu, B. (2013). Hydrocarbon source rock potential of latest Ordovician – earliest Silurian Tanezzuft Formation shales from the Eastern Kufra Basin, SE Libya. Journal of Petroleum Geology, 36(2), 105–115.https://doi.org/10.1111/jpg.12546",737,Meinhold et al. 2013,"Meinhold, G., Whitham, A.G., Howard, J.P., Stewart, J.C., Abutarruma, Y. & Thusu, B. (2013). Hydrocarbon source rock potential of latest Ordovician - earliest Silurian Tanezzuft Formation shales from the Eastern Kufra Basin, SE Libya. Journal of Petroleum Geology, 36, 105-115. https://doi.org/10.1111/jpg.12546",10.1111/jpg.12546,https://onlinelibrary.wiley.com/doi/10.1111/jpg.12546,,,,
"Melchin, M. J., C. E. Mitchell, C. Holmden, and P. Storch. ""Environmental Changes in the Late Ordovician-Early Silurian: Review and New Insights from Black Shales and Nitrogen Isotopes."" Geological Society of America Bulletin 125, no. 11-12 (2013): 1635-70. https://doi.org/10.1130/b30812.1.",739,Melchin et al. 2013,"Melchin, M.J., Mitchell, C.E., Holmden, C. & Storch, P. (2013). Environmental changes in the Late Ordovician-early Silurian: Review and new insights from black shales and nitrogen isotopes. Geological Society of America Bulletin, 125, 1635-1670. https://doi.org/10.1130/B30812.1",10.1130/B30812.1,https://pubs.geoscienceworld.org/gsabulletin/article/125/11-12/1635-1670/125852,TRUE,,,Added samplename as sitename (abbreviated) + height
"Melezhik, V. A., Fallick, A. E., Filippov, M. M., & Larsen, O. (1999). Karelian shungite—an indication of 2.0-Ga-old metamorphosed oil-shale and generation of petroleum: geology, lithology and geochemistry. Earth Science Reviews, 47(1-2), 1–40.https://doi.org/10.1016/s0012-8252(99)00027-6",726,Melezhik et al. 1999,"Melezhik, V.A., Fallick, A.E., Filippov, M.M. & Larsen, O. (1999). Karelian shungite—an indication of 2.0-Ga-old metamorphosed oil-shale and generation of petroleum: geology, lithology and geochemistry. Earth-Science Reviews, 47, 1-40. https://doi.org/10.1016/S0012-8252(99)00027-6",10.1016/S0012-8252(99)00027-6,https://linkinghub.elsevier.com/retrieve/pii/S0012825299000276,TRUE,TRUE,,"Added samplenames from table, used first part of region for sitename, note lith could prob be coded"
"Mongenot, T., Tribovillard, N., Desprairies, A., Lallier-Vergès, E., & Laggoun-Defarge, F. (1996). Trace elements as palaeoenvironmental markers in strongly mature hydrocarbon source rocks: the Cretaceous La Luna Formation of Venezuela. Sedimentary Geology, 103, 23–37.https://doi.org/10.1016/0037-0738(95)00078-x",670,Mongenot et al. 1996,"Mongenot, T., Tribovillard, N., Desprairies, A., Lallier-Vergès, E. & Laggoun-Defarge, F. (1996). Trace elements as palaeoenvironmental markers in strongly mature hydrocarbon source rocks: the Cretaceous La Luna Formation of Venezuela. Sedimentary Geology, 103, 23-37. https://doi.org/10.1016/0037-0738(95)00078-X",10.1016/0037-0738(95)00078-X,https://linkinghub.elsevier.com/retrieve/pii/003707389500078X,,,,
"Montero-Serrano, Jean-Carlos, Karl B. Föllmi, Thierry Adatte, Jorge E. Spangenberg, Nicolas Tribovillard, Alicia Fantasia, and Guillaume Suan. ""Continental Weathering and Redox Conditions During the Early Toarcian Oceanic Anoxic Event in the Northwestern Tethys: Insight from the Posidonia Shale Section in the Swiss Jura Mountains."" Palaeogeography, Palaeoclimatology, Palaeoecology 429 (2015): 83-99. https://doi.org/10.1016/j.palaeo.2015.03.043.",708,Montero-Serrano et al. 2015,"Montero-Serrano, J., Föllmi, K.B., Adatte, T., Spangenberg, J.E., Tribovillard, N., Fantasia, A. & Suan, G. (2015). Continental weathering and redox conditions during the early Toarcian Oceanic Anoxic Event in the northwestern Tethys: Insight from the Posidonia Shale section in the Swiss Jura Mountains. Palaeogeography, Palaeoclimatology, Palaeoecology, 429, 83-99. https://doi.org/10.1016/j.palaeo.2015.03.043",10.1016/j.palaeo.2015.03.043,https://linkinghub.elsevier.com/retrieve/pii/S0031018215001832,,TRUE,,Update lat-long based on paper (lat-long was in wrong country)
"Nance, W. B., & Taylor, S. R. (1977). Rare earth element patterns and crustal evolution—II. Archean sedimentary rocks from Kalgoorlie, Australia. Geochimica et Cosmochimica Acta, 41(2), 225–231.https://doi.org/10.1016/0016-7037(77)90229-0",667,"Nance & Taylor, 1977","Nance, W.B. & Taylor, S.R. (1977). Rare earth element patterns and crustal evolution—II. Archean sedimentary rocks from Kalgoorlie, Australia. Geochimica et Cosmochimica Acta, 41, 225-231. https://doi.org/10.1016/0016-7037(77)90229-0",10.1016/0016-7037(77)90229-0,https://linkinghub.elsevier.com/retrieve/pii/0016703777902290,TRUE,TRUE,TRUE,"Named sites and samples with the same name, as it appears just one sample per site. Site details give precise locs, not reflected in lat-longs, updated sed types based on table (they incl. only the shales)"
"Newport, Leo P., Andrew C. Aplin, Jon G. Gluyas, H. Chris Greenwell, and Darren R. Gröcke. 2016. ""Geochemical and lithological controls on a potential shale reservoir: Carboniferous Holywell Shale, Wales"", Marine and Petroleum Geology, 71: 198-210.https://doi.org/10.1016/j.marpetgeo.2015.11.026",703,Newport et al. 2016,"Newport, L.P., Aplin, A.C., Gluyas, J.G., Greenwell, H.C. & Gröcke, D.R. (2016). Geochemical and lithological controls on a potential shale reservoir: Carboniferous Holywell Shale, Wales. Marine and Petroleum Geology, 71, 198-210. https://doi.org/10.1016/j.marpetgeo.2015.11.026",10.1016/j.marpetgeo.2015.11.026,https://linkinghub.elsevier.com/retrieve/pii/S0264817215301483,,TRUE,,
"NEWPORT, LEO. ""Petrographic and Geochemical Analysis of the Carboniferous (Namurian) Holywell Shale of Northeast Wales."" Durham University, 2016.",774,"Newport, 2016","Newport, L.P. (2016). Petrographic and Geochemical Analysis of the Carboniferous (Namurian) Holywell Shale of Northeast Wales. [Doctoral thesis, Durham University] http://etheses.dur.ac.uk/11467/",,http://etheses.dur.ac.uk/11467/,TRUE,,,Added samplename as sitename + height
"Núñez-Useche, Fernando, Carles Canet, Ricardo Barragán, and Pura Alfonso. ""Bioevents and Redox Conditions around the Cenomanian–Turonian Anoxic Event in Central Mexico."" Palaeogeography, Palaeoclimatology, Palaeoecology 449 (2016): 205-26. https://doi.org/10.1016/j.palaeo.2016.01.035.",711,Núñez-Useche et al. 2016,"Núñez-Useche, F., Canet, C., Barragán, R. & Alfonso, P. (2016). Bioevents and redox conditions around the Cenomanian–Turonian anoxic event in Central Mexico. Palaeogeography, Palaeoclimatology, Palaeoecology, 449, 205-226. https://doi.org/10.1016/j.palaeo.2016.01.035",10.1016/j.palaeo.2016.01.035,https://linkinghub.elsevier.com/retrieve/pii/S0031018216000432,,,,
"Pevear, D.R., Grabowski, G.J., (1985). Geology and geochemistry of the Toolebuc Formation, an organic-rich chalk from the Lower Cretaceous of Queensland, Australia. In Deep-Water Carbonates Edited by Crevello, P.D., Harris, P.M. SEPM Core Workshop 6, 303-341.https://doi.org/10.2110/cor.85.06.0303",796,"Pevear & Grabowski, 1985","Pevear, D.R. & Grabowski, G.J. (1985). Geology and geochemistry of the Toolebuc Formation, an organic-rich chalk from the Lower Cretaceous of Queensland, Australia. In: Crevello, P.D. & Harris, P.M. (Eds.), Deep-Water Carbonates, SEPM Core Workshop 6 (pp. 303-341). SEPM (Society for Sedimentary Geology). https://doi.org/10.2110/cor.85.06.0303",10.2110/cor.85.06.0303,,TRUE,,,Added samplename as sample from table (which is depth)
"Pitcher, L.L., 2011, The Upper Pennsylvanian Hushpuckney “Core” Black Shale Member from the Swope Formation in Kansas: Rhenium – Osmium Isotope Systematics, and the Highly Siderophile Elements [M.Sc. thesis]: State University of New York at Stony Brook, 52 p.",784,"Pitcher, 2011","Pitcher, L.L. (2011). The Upper Pennsylvanian Hushpuckney “Core” Black Shale Member from the Swope Formation in Kansas: Rhenium – Osmium Isotope Systematics, and the Highly Siderophile Elements. [Master's thesis, Stony Brook University]",,,TRUE,TRUE,,Separated sample name and site name (both were in samplename)
"Podkovyrov VN, Cullers RL, Kovach VP (2007) The provenance and weathering conditions of Riphean (Mesoproterozoic and Neoproterozoic) shales, siltstones, and sandstones with time, southeastern Russia (Siberia). SEPM Special Publication, 86, 227-253.https://doi.org/10.2110/pec.07.86.0227",800,Podkovyrov et al. 2007,"Podkovyrov, V.N., Cullers, R.L. & Kovach, V.P. (2007). The provenance and weathering conditions of Riphean (Mesoproterozoic and Neoproterozoic) shales, siltstones, and sandstones with time, southeastern Russia (Siberia). In: Link, P.K. & Lewis, R.S. (Eds.), Proterozoic Geology of Western North America and Siberia (pp. 227-253). SEPM (Society for Sedimentary Geology). https://doi.org/10.2110/pec.07.86.0227",10.2110/pec.07.86.0227,,TRUE,TRUE,,"Added samples from the table. Added section names (first part of the sample name according to figure). Subset of samples from Itirynda section is from Podkovyrov 2009, not 2007, and these are already in SGP."
"Polgári, Márta, James R. Hein, Lóránt Bíró, Ildikó Gyollai, Tibor Németh, Csanád Sajgó, József Fekete, et al. ""Mineral and Chemostratigraphy of a Toarcian Black Shale Hosting Mn-Carbonate Microbialites (úrkút, Hungary)."" Palaeogeography, Palaeoclimatology, Palaeoecology 459 (2016): 99-120. https://doi.org/10.1016/j.palaeo.2016.06.030.",714,Polgári et al. 2016,"Polgári, M., Hein, J.R., Bíró, L., Gyollai, I., Németh, T., Sajgó, C., Fekete, J., Schwark, L., Pál-Molnár, E., Hámor-Vidó, M. & Vigh, T. (2016). Mineral and chemostratigraphy of a Toarcian black shale hosting Mn-carbonate microbialites (Úrkút, Hungary). Palaeogeography, Palaeoclimatology, Palaeoecology, 459, 99-120. https://doi.org/10.1016/j.palaeo.2016.06.030",10.1016/j.palaeo.2016.06.030,https://linkinghub.elsevier.com/retrieve/pii/S003101821630222X,,TRUE,,Added sitename from region (Urkut).
"Polufuntikova, L. I., and V. Yu Fridovsky. ""Lithological Features, Reconstruction of Redox Setting, and Composition of the Provenances of the Upper Triassic Kular–Nera Shale Belt."" Russian Journal of Pacific Geology 10, no. 3 (2016): 218-29. https://doi.org/10.1134/s1819714016030052.",742,"Polufuntikova & Fridovsky, 2016","Polufuntikova, L.I. & Fridovsky, V.Yu. (2016). Lithological features, reconstruction of redox setting, and composition of the provenances of the Upper Triassic Kular–Nera shale belt. Russian Journal of Pacific Geology, 10, 218-229. https://doi.org/10.1134/S1819714016030052",10.1134/S1819714016030052,http://link.springer.com/10.1134/S1819714016030052,,TRUE,,Added sitename from region. (Taryn River Basin)
"Poulton, S.W., Henkel, S., März, C., Urquhart, H., Flögel, S., Kasten, S., Sinninghe Damsté, J.S., and Wagner, T., 2015, A continental-weathering control on orbitally driven redox-nutrient cycling during Cretaceous Oceanic Anoxic Event 2: Geology, v. 43, p. 963–966. doi:10.1130/G36837.1 Goldberg, T., Poulton, S.W., Wagner, T., Kolonic, S.F., and Rehkämper, M., 2016, Molybdenum drawdown during Cretaceous Oceanic Anoxic Event 2: Earth and Planetary Science Letters, v. 440, p. 81–91. doi:10.1016/j.epsl.2016.02.006.",740,Poulton et al. 2015,"Poulton, S.W., Henkel, S., März, C., Urquhart, H., Flögel, S., Kasten, S., Sinninghe Damsté, J.S. & Wagner, T. (2015). A continental-weathering control on orbitally driven redox-nutrient cycling during Cretaceous Oceanic Anoxic Event 2. Geology, 43, 963-966. https://doi.org/10.1130/G36837.1",10.1130/G36837.1,https://pubs.geoscienceworld.org/geology/article/43/11/963-966/131753,TRUE,,,Added samplename as sitename + height
"Pundaree, Nandigama, A. Keshav Krishna, K. S. V. Subramanyam, S. S. Sawant, S. Kavitha, M. S. Kalpana, D. J. Patil, and A. M. Dayal. ""Early Eocene Carbonaceous Shales of Tadkeshwar Formation, Cambay Basin, Gujarat, India: Geochemical Implications, Petrogenesis and Tectonics."" Marine and Petroleum Geology 68 (2015): 258-68. https://doi.org/10.1016/j.marpetgeo.2015.08.028.",702,Pundaree et al. 2015,"Pundaree, N., Krishna, A.K., Subramanyam, K.S.V., Sawant, S.S., Kavitha, S., Kalpana, M.S., Patil, D.J. & Dayal, A.M. (2015). Early Eocene carbonaceous shales of Tadkeshwar Formation, Cambay basin, Gujarat, India: Geochemical implications, petrogenesis and tectonics. Marine and Petroleum Geology, 68, 258-268. https://doi.org/10.1016/j.marpetgeo.2015.08.028",10.1016/j.marpetgeo.2015.08.028,https://linkinghub.elsevier.com/retrieve/pii/S0264817215300787,,TRUE,,"Added sitename based on samplenames/paper desc. (note, not reflected in lat-longs)"
"Racka, Maria, Leszek Marynowski, Paweł Filipiak, Małgorzata Sobstel, Agnieszka Pisarzowska, and David P. G. Bond. ""Anoxic Annulata Events in the Late Famennian of the Holy Cross Mountains (Southern Poland): Geochemical and Palaeontological Record."" Palaeogeography, Palaeoclimatology, Palaeoecology 297, no. 3-4 (2010): 549-75. https://doi.org/10.1016/j.palaeo.2010.08.028.",746,Racka et al. 2010,"Racka, M., Marynowski, L., Filipiak, P., Sobstel, M., Pisarzowska, A. & Bond, D.P. G. (2010). Anoxic Annulata Events in the Late Famennian of the Holy Cross Mountains (Southern Poland): Geochemical and palaeontological record. Palaeogeography, Palaeoclimatology, Palaeoecology, 297, 549-575. https://doi.org/10.1016/j.palaeo.2010.08.028",10.1016/j.palaeo.2010.08.028,https://linkinghub.elsevier.com/retrieve/pii/S0031018210005225,,,,
"Rantitsch, G., F. Melcher, Th Meisel, and Th Rainer. ""Rare Earth, Major and Trace Elements in Jurassic Manganese Shales of the Northern Calcareous Alps: Hydrothermal Versus Hydrogenous Origin of Stratiform Manganese Deposits."" Mineralogy and Petrology 77, no. 1-2 (2003): 109-27. https://doi.org/10.1007/s00710-002-0197-0.",662,Rantitsch et al. 2003,"Rantitsch, G., Melcher, F., Meisel, T. & Rainer, T. (2003). Rare earth, major and trace elements in Jurassic manganese shales of the Northern Calcareous Alps: hydrothermal versus hydrogenous origin of stratiform manganese deposits. Mineralogy and Petrology, 77, 109-127. https://doi.org/10.1007/s00710-002-0197-0",10.1007/s00710-002-0197-0,http://link.springer.com/10.1007/s00710-002-0197-0,,,,
"Raza, M., Ahmad, A.H.M., Khan, M.S., Khan, F. 2012. Geochemistry and detrital modes of Proterozoic sedimentary rocks, Bayana Basin, north Delhi fold belt: implications for provenance and source-area weathering. International Geology Review, 54, 111-129.https://doi.org/10.1080/00206814.2010.517044",734,Raza et al. 2012,"Raza, M., Ahmad, A.H.M., Shamim Khan, M. & Khan, F. (2012). Geochemistry and detrital modes of Proterozoic sedimentary rocks, Bayana Basin, north Delhi fold belt: implications for provenance and source-area weathering. International Geology Review, 54, 111-129. https://doi.org/10.1080/00206814.2010.517044",10.1080/00206814.2010.517044,https://www.tandfonline.com/doi/full/10.1080/00206814.2010.517044,TRUE,TRUE,,"Added sitename from region/paper (Bayana Basin), added sample numbers from table (1,2,3 etc.). Only a subset of data is inclueded (from the shale formations). Did not update lithologies."
"Revel, M., Ducassou, E., Grousset, F. E., Bernasconi, S. M. M., Migeon, S., Revillon, S., et al. (2010). 100,000 Years of African monsoon variability recorded in sediments of the Nile margin. Quaternary Science Reviews, 29(11-12), 1342–1362.https://doi.org/10.1016/j.quascirev.2010.02.006",723,Revel et al. 2010,"Revel, M., Ducassou, E., Grousset, F.E., Bernasconi, S.M., Migeon, S., Revillon, S., Mascle, J., Murat, A., Zaragosi, S. & Bosch, D. (2010). 100,000 Years of African monsoon variability recorded in sediments of the Nile margin. Quaternary Science Reviews, 29, 1342-1362. https://doi.org/10.1016/j.quascirev.2010.02.006",10.1016/j.quascirev.2010.02.006,https://linkinghub.elsevier.com/retrieve/pii/S0277379110000387,TRUE,,,Added samplename as sitename + height
"Rheams, K. F., & Neathery, T. L. (1984). Characterization and Geochemistry of Devonian Oil Shale: North Alabama, Northwest Georgia, and South-Central Tennessee (A Resource Evaluation) Final Report. Technical Information Center Oak Ridge Tennessee, 1–294.",794,"Rheams & Neathery, 1984","Rheams, K.F. & Neathery, T.L. (1984). Characterization and Geochemistry of Devonian Oil Shale: North Alabama, Northwest Georgia, and South-Central Tennessee (A Resource Evaluation) Final Report. Technical Information Center Oak Ridge Tennessee.",,,,TRUE,,Added sitename as region (v. broad) - did not have access to table
"Rimmer, S. M. (2004). Geochemical paleoredox indicators in Devonian – Mississippian black shales, Central Appalachian Basin (USA). Chemical Geology, 206, 373–391.https://doi.org/10.1016/j.chemgeo.2003.12.029",673,"Rimmer, 2004","Rimmer, S.M. (2004). Geochemical paleoredox indicators in Devonian–Mississippian black shales, Central Appalachian Basin (USA). Chemical Geology, 206, 373-391. https://doi.org/10.1016/j.chemgeo.2003.12.029",10.1016/j.chemgeo.2003.12.029,https://linkinghub.elsevier.com/retrieve/pii/S0009254104000191,,,,Can't easily track this data - is it from Robl? Can't easily read the PDF table.
"Rivera, K. (2013, October 5). Geologic controls on nitrogen isotopes in marine black shale: a case study of the Woodford Shale, Anadarko Basin, Oklahoma. Masters Thesis. Oklahoma State University. p. 141.",782,"Rivera, 2013","Rivera, K.T. (2013). Geologic controls on nitrogen isotopes in marine black shale: a case study of the Woodford Shale, Anadarko Basin, Oklahoma. [Master's thesis, Oklahoma State University]",,,,,,
"Roddaz, M., Debat, P., & Nikiéma, S. (2007). Geochemistry of Upper Birimian sediments (major and trace elements and Nd–Sr isotopes) and implications for weathering and tectonic setting of the Late Paleoproterozoic crust. Precambrian Research, 159, 197–211.https://doi.org/10.1016/j.precamres.2007.06.008",719,Roddaz et al. 2007,"Roddaz, M., Debat, P. & Nikiema, S. (2007). Geochemistry of Upper Birimian sediments (major and trace elements and Nd–Sr isotopes) and implications for weathering and tectonic setting of the Late Paleoproterozoic crust. Precambrian Research, 159, 197-211. https://doi.org/10.1016/j.precamres.2007.06.008",10.1016/j.precamres.2007.06.008,https://linkinghub.elsevier.com/retrieve/pii/S0301926807001647,TRUE,TRUE,TRUE,"Added general sitename from paper. Added samplenames from paper. Updated lithologies (note some are ""iron shale"")."
"Salem, N.-E. (2013). Geochemical characterisation of the Pliensbachian-Toarcian boundary during the onset of the Toarcian Oceanic Anoxic Event. North Yorkshire, UK. PhD Dissertation. Newcastle University, p. 296.",783,"Salem, 2013","Salem, N. (2013). Geochemical characterisation of the Pliensbachian-Toarcian boundary during the onset of the Toarcian Oceanic Anoxic Event. North Yorkshire, UK. [Doctoral thesis, Newcastle University]",,,,,,
"Sandberg, C.A., Gutschick, R.C., 1984. Distribution, microfauna, and source-rock potential of Mississippian Delle Phosphatic Member of Woodman Formation and equivalents, Utah and adjacent states. In Hydrocarbon source rocks of the greater Rocky Mountain region. Woodward, Jane, Meissner, F.F., and Clayton, J.L., eds., Rocky",798,"Sandberg & Gutschick, 1984","Sandberg, C.A. & Gutschick, R.C. (1984). Distribution, microfauna, and source-rock potential of Mississippian Delle Phosphatic Member of Woodman Formation and equivalents, Utah and adjacent states. In: Woodward, J., Meissner, F.F. & Clayton, J.L. (Eds.), Hydrocarbon Source Rocks of the Greater Rocky Mountain Region (pp. 135-178). Rocky Mountain Association of Geologists.",,,,TRUE,TRUE,Added new lith from Erik
"Saunders, J.A., Savrda, CE, 1993. Geochemistry of the Athens Shale: implications for the genesis of Mississippi Valley-type deposits of the southernmost Appalachians. Southeastern Geology 33, 161-170.",753,"Saunders & Savrda, 1993","Saunders, J.A. & Savrda, C.E. (1993). Geochemistry of the Athens Shale: Implications for the genesis of Mississippi Valley-Type deposits of the Southernmost Appalachians. Southeastern Geology, 33, 161-170.",,,TRUE,TRUE,Added sitename based on region (Southernmost Appalachians). Updated lithologies based on text description (black shale),
"Saupé, F., & Vegas, G. (1987). Chemical and mineralogical compositions of black shales (Middle Palaeozoic of the Central Pyrenees, Haute-Garonne, France). Mineralogical Magazine, 51, 357–369.https://doi.org/10.1180/minmag.1987.051.361.03",743,"Saupé & Vegas, 1987","Saupé, F. & Vegas, G. (1987). Chemical and mineralogical compositions of black shales (Middle Palaeozoic of the Central Pyrenees, Haute-Garonne, France). Mineralogical Magazine, 51, 357-369. https://doi.org/10.1180/minmag.1987.051.361.03",10.1180/minmag.1987.051.361.03,https://www.cambridge.org/core/product/identifier/S0026461X00021691/type/journal_article,,TRUE,,Added sitename based on region (Baren area).
"Schulte, Peter, Christian Scheibner, and Robert P. Speijer. ""Fluvial Discharge and Sea-Level Changes Controlling Black Shale Deposition During the Paleocene–Eocene Thermal Maximum in the Dababiya Quarry Section, Egypt."" Chemical Geology 285, no. 1-4 (2011): 167-83. https://doi.org/10.1016/j.chemgeo.2011.04.004.",674,Schulte et al. 2011,"Schulte, P., Scheibner, C. & Speijer, R.P. (2011). Fluvial discharge and sea-level changes controlling black shale deposition during the Paleocene–Eocene Thermal Maximum in the Dababiya Quarry section, Egypt. Chemical Geology, 285, 167-183. https://doi.org/10.1016/j.chemgeo.2011.04.004",10.1016/j.chemgeo.2011.04.004,https://linkinghub.elsevier.com/retrieve/pii/S000925411100163X,TRUE,,,Created samplename from bed + depth
"Siebert, C., J. D. Kramers, Th Meisel, Ph Morel, and Th F. Nägler. ""Pge, Re-Os, and Mo Isotope Systematics in Archean and Early Proterozoic Sedimentary Systems as Proxies for Redox Conditions of the Early Earth."" Geochimica et Cosmochimica Acta 69, no. 7 (2005): 1787-801. https://doi.org/10.1016/j.gca.2004.10.006.",690,Siebert et al. 2005,"Siebert, C., Kramers, J.D., Meisel, T., Morel, P. & Nägler, T. (2005). PGE, Re-Os, and Mo isotope systematics in Archean and early Proterozoic sedimentary systems as proxies for redox conditions of the early Earth. Geochimica et Cosmochimica Acta, 69, 1787-1801. https://doi.org/10.1016/j.gca.2004.10.006",10.1016/j.gca.2004.10.006,https://linkinghub.elsevier.com/retrieve/pii/S001670370400794X,TRUE,TRUE,TRUE,"Added sitename from paper. Updated lithtypes, some lat-longs, stratigraphy and samplenames based on table in paper."
"Sun, Y. D., P. B. Wignall, M. M. Joachimski, D. P. G. Bond, S. E. Grasby, X. L. Lai, L. N. Wang, Z. T. Zhang, and S. Sun. ""Climate Warming, Euxinia and Carbon Isotope Perturbations During the Carnian (Triassic) Crisis in South China."" Earth and Planetary Science Letters 444 (2016): 88-100. https://doi.org/10.1016/j.epsl.2016.03.037.",688,Sun et al. 2016,"Sun, Y.D., Wignall, P.B., Joachimski, M.M., Bond, D.P. G., Grasby, S.E., Lai, X.L., Wang, L.N., Zhang, Z.T. & Sun, S. (2016). Climate warming, euxinia and carbon isotope perturbations during the Carnian (Triassic) Crisis in South China. Earth and Planetary Science Letters, 444, 88-100. https://doi.org/10.1016/j.epsl.2016.03.037",10.1016/j.epsl.2016.03.037,https://linkinghub.elsevier.com/retrieve/pii/S0012821X16301248,,,,
"Takahashi, Satoshi, Shin-ichi Yamasaki, Yasumasa Ogawa, Kazuhiko Kimura, Kunio Kaiho, Takeyoshi Yoshida, and Noriyoshi Tsuchiya. ""Bioessential Element-Depleted Ocean Following the Euxinic Maximum of the End-Permian Mass Extinction."" Earth and Planetary Science Letters 393 (2014): 94-104. https://doi.org/10.1016/j.epsl.2014.02.041.",687,Takahashi et al. 2014,"Takahashi, S., Yamasaki, S., Ogawa, Y., Kimura, K., Kaiho, K., Yoshida, T. & Tsuchiya, N. (2014). Bioessential element-depleted ocean following the euxinic maximum of the end-Permian mass extinction. Earth and Planetary Science Letters, 393, 94-104. https://doi.org/10.1016/j.epsl.2014.02.041",10.1016/j.epsl.2014.02.041,https://linkinghub.elsevier.com/retrieve/pii/S0012821X14001228,,,,"Two samples missing numbers, but the tables are complicated and it is not easy to decide what the number would be. The rest of the numbers - lots are dups, when in fact they seem to be different samples. Cleaned this as best as possible."
"Tanner, Lawrence H., Frank T. Kyte, Sylvain Richoz, and Leopold Krystyn. ""Distribution of Iridium and Associated Geochemistry across the Triassic–Jurassic Boundary in Sections at Kuhjoch and Kendlbach, Northern Calcareous Alps, Austria."" Palaeogeography, Palaeoclimatology, Palaeoecology 449 (2016): 13-26. https://doi.org/10.1016/j.palaeo.2016.01.011.",709,Tanner et al. 2016,"Tanner, L.H., Kyte, F.T., Richoz, S. & Krystyn, L. (2016). Distribution of iridium and associated geochemistry across the Triassic–Jurassic boundary in sections at Kuhjoch and Kendlbach, Northern Calcareous Alps, Austria. Palaeogeography, Palaeoclimatology, Palaeoecology, 449, 13-26. https://doi.org/10.1016/j.palaeo.2016.01.011",10.1016/j.palaeo.2016.01.011,https://linkinghub.elsevier.com/retrieve/pii/S0031018216000122,,TRUE,,Added sitename from paper.
"Tian, XingLei, and KunLi Luo. ""Distribution and Enrichment Patterns of Selenium in the Ediacaran and Early Cambrian Strata in the Yangtze Gorges Area, South China."" Science China Earth Sciences 60, no. 7 (2017): 1268-82. https://doi.org/10.1007/s11430-016-9045-1.",663,"Tian & Luo, 2017","Tian, X. & Luo, K. (2017). Distribution and enrichment patterns of selenium in the Ediacaran and early Cambrian strata in the Yangtze Gorges area, South China. Science China Earth Sciences, 60, 1268-1282. https://doi.org/10.1007/s11430-016-9045-1",10.1007/s11430-016-9045-1,http://link.springer.com/10.1007/s11430-016-9045-1,,,,
"Tian, Xinglei, Kunli Luo, and Andrew V. Zuza. ""The Trace Element Distribution Patterns of Ediacaran‐Early Cambrian Black Shales and the Origin of Selenium in the Guangning Area, Western Guangdong Province, South China.""Acta Geologica Sinica‐English Edition, 91.6 (2017): 1978-1991.https://doi.org/10.1111/1755-6724.13445",747,Tian et al. 2017,"Tian, X., Luo, K. & Zuza, A.V. (2017). The Trace Element Distribution Patterns of Ediacaran‐Early Cambrian Black Shales and the Origin of Selenium in the Guangning Area, Western Guangdong Province, South China. Acta Geologica Sinica - English Edition, 91, 1978-1991. https://doi.org/10.1111/1755-6724.13445",10.1111/1755-6724.13445,https://onlinelibrary.wiley.com/doi/10.1111/1755-6724.13445,,,,
"Tribovillard, Nicolas, Ebraheem Hatem, Olivier Averbuch, Florent Barbecot, Viviane Bout-Roumazeilles, and Alain Trentesaux. ""Iron Availability as a Dominant Control on the Primary Composition and Diagenetic Overprint of Organic-Matter-Rich Rocks."" Chemical Geology 401 (2015): 67-82. https://doi.org/10.1016/j.chemgeo.2015.02.026.",681,Tribovillard et al. 2015,"Tribovillard, N., Hatem, E., Averbuch, O., Barbecot, F., Bout-Roumazeilles, V. & Trentesaux, A. (2015). Iron availability as a dominant control on the primary composition and diagenetic overprint of organic-matter-rich rocks. Chemical Geology, 401, 67-82. https://doi.org/10.1016/j.chemgeo.2015.02.026",10.1016/j.chemgeo.2015.02.026,https://linkinghub.elsevier.com/retrieve/pii/S0009254115000741,,TRUE,,"Added sitename from text in paper. ""For the Argiles de Châtillon Fm., the samples were picked from the outcrop of the so-called Cap de la Crèche"""
"Turner, Elizabeth C., and Balz S. Kamber. ""Arctic Bay Formation, Borden Basin, Nunavut (Canada): Basin Evolution, Black Shale, and Dissolved Metal Systematics in the Mesoproterozoic Ocean."" Precambrian Research 208-211 (2012): 1-18. https://doi.org/10.1016/j.precamres.2012.03.006.",721,"Turner & Kamber, 2012","Turner, E.C. & Kamber, B.S. (2012). Arctic Bay Formation, Borden Basin, Nunavut (Canada): Basin evolution, black shale, and dissolved metal systematics in the Mesoproterozoic ocean. Precambrian Research, 208-211, 1-18. https://doi.org/10.1016/j.precamres.2012.03.006",10.1016/j.precamres.2012.03.006,https://linkinghub.elsevier.com/retrieve/pii/S0301926812000812,TRUE,TRUE,TRUE,"Added samplename, sitename and updated lithologies from paper."
"Vine, J. D., & Tourtelot, E. B. (1970). Geochemistry of black shale deposits; a summary report. Economic Geology, 65(3), 253–272.https://doi.org/10.2113/gsecongeo.65.3.253",744,"Vine & Tourtelot, 1970","Vine, J.D. & Tourtelot, E.B. (1970). Geochemistry of black shale deposits; a summary report. Economic Geology, 65, 253-272. https://doi.org/10.2113/gsecongeo.65.3.253",10.2113/gsecongeo.65.3.253,http://pubs.geoscienceworld.org/economicgeology/article/65/3/253/18031/Geochemistry-of-black-shale-deposits-a-summary,,TRUE,,"Two ""samples"" from Vine, J. D., & Tourtelot, E. B. (1970). These are averages from sample sets. The reference in the table is Vine and Tourtelot 1969. One formation given, but multiple formations per sample set (and not even in the same group). Geochemistry of black shale deposits; a summary report. Economic Geology, 65(3), 253–272.https://doi.org/10.2113/gsecongeo.65.3.253. Updated the sampleanme and the sitename. But should be considered further. Sample set 19. Upper Cretaceous shales of Texas. Eagle Ford Shale and Buda Limestone. Average of 28 samples. Core. Epicontinental shelf. Reference is Vine and Tourletot 1969. Sample set 18. Upper Cretaceous shales of Kansas. Niobrara Formation and Pierre Shale. Average of 59 samples. Cuttings. Epicontinental shelf. Reference is Vine and Tourletot 1969."
"Wang, Xibo, Yuegang Tang, Yaofa Jiang, Panpan Xie, Songfeng Zhang, and Zijuan Chen. ""Mineralogy and Geochemistry of an Organic- and V-Cr-Mo-U-Rich Siliceous Rock of Late Permian Age, Western Hubei Province, China."" International Journal of Coal Geology 172 (2017): 19-30. https://doi.org/10.1016/j.coal.2016.12.006.",685,Wang et al. 2017,"Wang, X., Tang, Y., Jiang, Y., Xie, P., Zhang, S. & Chen, Z. (2017). Mineralogy and geochemistry of an organic- and V-Cr-Mo-U-rich siliceous rock of Late Permian age, western Hubei Province, China. International Journal of Coal Geology, 172, 19-30. https://doi.org/10.1016/j.coal.2016.12.006",10.1016/j.coal.2016.12.006,https://linkinghub.elsevier.com/retrieve/pii/S0166516216301124,,,,
"Wani, H., & Mondal, M. E. A. (2011). Evaluation of provenance, tectonic setting, and paleoredox conditions of the Mesoproterozoic-Neoproterozoic basins of the Bastar craton, Central Indian Shield: Using petrography of sandstones and geochemistry of shales. Lithosphere, 3(2), 143–154.https://doi.org/10.1130/l74.1",741,"Wani & Mondal, 2011","Wani, H. & Mondal, M.M.E. (2011). Evaluation of provenance, tectonic setting, and paleoredox conditions of the Mesoproterozoic–Neoproterozoic basins of the Bastar craton, Central Indian Shield: Using petrography of sandstones and geochemistry of shales. Lithosphere, 3, 143-154. https://doi.org/10.1130/L74.1",10.1130/L74.1,http://pubs.geoscienceworld.org/lithosphere/article/3/2/143/145580/Evaluation-of-provenance-tectonic-setting-and,TRUE,TRUE,TRUE,Added sitename as basin name from table (note two samples were incorrectly down as Chhattingarh basin in DM-SED). Added samplenames from table and updated lithology from table.
"Wei, Hengye, Thomas J. Algeo, Hao Yu, Jiangguo Wang, Chuan Guo, and Guo Shi. ""Episodic Euxinia in the Changhsingian (Late Permian) of South China: Evidence from Framboidal Pyrite and Geochemical Data."" Sedimentary Geology 319 (2015): 78-97. https://doi.org/10.1016/j.sedgeo.2014.11.008.",724,Wei et al. 2015,"Wei, H., Algeo, T.J., Yu, H., Wang, J., Guo, C. & Shi, G. (2015). Episodic euxinia in the Changhsingian (late Permian) of South China: Evidence from framboidal pyrite and geochemical data. Sedimentary Geology, 319, 78-97. https://doi.org/10.1016/j.sedgeo.2014.11.008",10.1016/j.sedgeo.2014.11.008,https://linkinghub.elsevier.com/retrieve/pii/S0037073815000494,,,,
"Wille, Martin, Oliver Nebel, Martin J. Van Kranendonk, Ronny Schoenberg, Ilka C. Kleinhanns, and Michael J. Ellwood. ""Mo–Cr Isotope Evidence for a Reducing Archean Atmosphere in 3.46–2.76ga Black Shales from the Pilbara, Western Australia."" Chemical Geology 340 (2013): 68-76. https://doi.org/10.1016/j.chemgeo.2012.12.018.",678,Wille et al. 2013,"Wille, M., Nebel, O., Van Kranendonk, M.J., Schoenberg, R., Kleinhanns, I.C. & Ellwood, M.J. (2013). Mo–Cr isotope evidence for a reducing Archean atmosphere in 3.46–2.76Ga black shales from the Pilbara, Western Australia. Chemical Geology, 340, 68-76. https://doi.org/10.1016/j.chemgeo.2012.12.018",10.1016/j.chemgeo.2012.12.018,https://linkinghub.elsevier.com/retrieve/pii/S0009254113000041,TRUE,,,Added samplename from table
"Williams, JC, AR Basu, ON Bhargava, AD Ahluwalia, and RE Hannigan. ""Resolving Original Signatures from a Sea of Overprint—the Geochemistry of the Gungri Shale (Upper Permian, Spiti Valley, India)."" Chemical Geology 324 (2012): 59-72.https://doi.org/10.1016/j.chemgeo.2012.01.020",677,Williams et al. 2012,"Williams, J.C., Basu, A.R., Bhargava, O.N., Ahluwalia, A.D. & Hannigan, R.E. (2012). Resolving original signatures from a sea of overprint — The geochemistry of the Gungri Shale (Upper Permian, Spiti Valley, India). Chemical Geology, 324-325, 59-72. https://doi.org/10.1016/j.chemgeo.2012.01.020",10.1016/j.chemgeo.2012.01.020,https://linkinghub.elsevier.com/retrieve/pii/S0009254112000484,,TRUE,,"Added sitename from region (Attargoo). Note These have the same samples as below. But coded separately, and with minor differences. The data overlaps to some degree but not perfectly. Added the duplicates. Could be cleaned later."
"Williams, Jeremy Christopher. Black Shales of the Neo-Tethys: The Geochemical Record of the End-Permian Crisis. University of Massachusetts Boston, 2014.",781,"Williams, 2014","Williams, J.C. (2014). Black Shales of the Neo-Tethys: The Geochemical Record of the End-Permian Crisis. [Doctoral thesis, University of Massachusetts Boston]",,,,,,SEE ABOVE - same samples
"Wójcik-Tabol, P., & Ślączka, A. (2015). Are Early Cretaceous environmental changes recorded in deposits of the Western part of the Silesian Nappe? A geochemical approach. Palaeogeography, Palaeoclimatology, Palaeoecology, 417(C), 293–308.https://doi.org/10.1016/j.palaeo.2014.10.040",707,"Wójcik-Tabol & Ślączka, 2015","Wójcik-Tabol, P. & Ślączka, A. (2015). Are Early Cretaceous environmental changes recorded in deposits of the Western part of the Silesian Nappe? A geochemical approach. Palaeogeography, Palaeoclimatology, Palaeoecology, 417, 293-308. https://doi.org/10.1016/j.palaeo.2014.10.040",10.1016/j.palaeo.2014.10.040,https://linkinghub.elsevier.com/retrieve/pii/S0031018214005562,,,,
"Yamaguchi, K. (2002). Geochemistry of Archean–Paleoproterozoic black shales: the early evolution of the atmosphere, oceans, and biosphere. PhD Thesis, The Pennsylvania State University, p. 485.",785,"Yamaguchi, 2002","Yamaguchi, K. (2002). Geochemistry of Archean–Paleoproterozoic black shales: the early evolution of the atmosphere, oceans, and biosphere. [Doctoral thesis, The Pennsylvania State University]",,,TRUE,TRUE,TRUE,"Added samplenames and sitenames and lithologies from the tables. Country is Australia and not South Africa for two sites. Check if these are in SGP. Sitenotes has the descriptions for the cores, and lat-longs are NOT updated to reflect new information. Period could also be filled in."
"Yan, Detian, Daizhao Chen, Qingchen Wang, Jianguo Wang, and Zhuozhuo Wang. ""Carbon and Sulfur Isotopic Anomalies across the Ordovician–Silurian Boundary on the Yangtze Platform, South China."" Palaeogeography, Palaeoclimatology, Palaeoecology 274, no. 1-2 (2009): 32-39. https://doi.org/10.1016/j.palaeo.2008.12.016. Yan, Detian, Daizhao Chen, Qingchen Wang, and Jianguo Wang. ""Large-Scale Climatic Fluctuations in the Latest Ordovician on the Yangtze Block, South China."" Geology 38, no. 7 (2010): 599-602. https://doi.org/10.1130/g30961.1. Yan, Detian, Daizhao Chen, Qingchen Wang, and Jianguo Wang. ""Predominance of Stratified Anoxic Yangtze Sea Interrupted by Short-Term Oxygenation During the Ordo-Silurian Transition."" Chemical Geology 291 (2012): 69-78. https://doi.org/10.1016/j.chemgeo.2011.09.015.",755,Yan et al. 2009,"Yan, D., Chen, D., Wang, Q., Wang, J. & Wang, Z. (2009). Carbon and sulfur isotopic anomalies across the Ordovician–Silurian boundary on the Yangtze Platform, South China. Palaeogeography, Palaeoclimatology, Palaeoecology, 274, 32-39. https://doi.org/10.1016/j.palaeo.2008.12.016",10.1016/j.palaeo.2008.12.016,https://linkinghub.elsevier.com/retrieve/pii/S0031018208006767,,,,"Subset seems to be TOC, Organic carbon iso and sulfur iso from Yan et al. 2009. Lots more data in 2010 and 2012 papers, from kind of/mostly different samples (incl. iron spec.) Can't find one of the samples - TOC. Sulfur isos were in as CAS, but the table says sulfide - moved them to py. Not sure where the N isos come from? Assigned to 2009 paper, other two papers are entered and linked to DM-SED project. Cant find this sample? 23780"
"Yang, Ruofei, Jian Cao, Guang Hu, Lizeng Bian, Kai Hu, and Xiugen Fu. ""Marine to Brackish Depositional Environments of the Jurassic–Cretaceous Suowa Formation, Qiangtang Basin (Tibet), China."" Palaeogeography, Palaeoclimatology, Palaeoecology 473 (2017): 41-56. https://doi.org/10.1016/j.palaeo.2017.02.031.",716,Yang et al. 2017,"Yang, R., Cao, J., Hu, G., Bian, L., Hu, K. & Fu, X. (2017). Marine to brackish depositional environments of the Jurassic–Cretaceous Suowa Formation, Qiangtang Basin (Tibet), China. Palaeogeography, Palaeoclimatology, Palaeoecology, 473, 41-56. https://doi.org/10.1016/j.palaeo.2017.02.031",10.1016/j.palaeo.2017.02.031,https://linkinghub.elsevier.com/retrieve/pii/S0031018216307969,,,,
"Yin, Runsheng, Lingang Xu, Bernd Lehmann, Ryan F. Lepak, James P. Hurley, Jingwen Mao, Xinbin Feng, and Ruizhong Hu. ""Anomalous Mercury Enrichment in Early Cambrian Black Shales of South China: Mercury Isotopes Indicate a Seawater Source."" Chemical Geology 467 (2017): 159-67. https://doi.org/10.1016/j.chemgeo.2017.08.010.",682,Yin et al. 2017,"Yin, R., Xu, L., Lehmann, B., Lepak, R.F., Hurley, J.P., Mao, J., Feng, X. & Hu, R. (2017). Anomalous mercury enrichment in Early Cambrian black shales of South China: Mercury isotopes indicate a seawater source. Chemical Geology, 467, 159-167. https://doi.org/10.1016/j.chemgeo.2017.08.010",10.1016/j.chemgeo.2017.08.010,https://linkinghub.elsevier.com/retrieve/pii/S0009254117304515,,,,
"Young, G. M. (2002). Geochemical investigation of a Neoproterozoic glacial unit: The Mineral Fork Formation in the Wasatch Range, Utah. Geological Society of America Bulletin, 114(4), 387–399.https://doi.org/10.1130/0016-7606(2002)114<0387:gioang>2.0.co;2",738,"Young, 2002","Young, G.M. (2002). Geochemical investigation of a Neoproterozoic glacial unit: The Mineral Fork Formation in the Wasatch Range, Utah. Geological Society of America Bulletin, 114, 387-399. https://doi.org/10.1130/0016-7606(2002)114<0387:GIOANG>2.0.CO;2",10.1130/0016-7606(2002)114<0387:GIOANG>2.0.CO;2,https://pubs.geoscienceworld.org/gsabulletin/article/114/4/387-399/183860,TRUE,TRUE,,"Added sitename ""Mineral Fork area"" from figure caption. Added samplenames from table."
"Zeng, Shengqiang, Jian Wang, Xiugen Fu, Wenbin Chen, Xinglei Feng, Dong Wang, Chunyan Song, and Zhongwei Wang. ""Geochemical Characteristics, Redox Conditions, and Organic Matter Accumulation of Marine Oil Shale from the Changliang Mountain Area, Northern Tibet, China."" Marine and Petroleum Geology 64 (2015): 203-21. https://doi.org/10.1016/j.marpetgeo.2015.02.031.",701,Zeng et al. 2015,"Zeng, S., Wang, J., Fu, X., Chen, W., Feng, X., Wang, D., Song, C. & Wang, Z. (2015). Geochemical characteristics, redox conditions, and organic matter accumulation of marine oil shale from the Changliang Mountain area, northern Tibet, China. Marine and Petroleum Geology, 64, 203-221. https://doi.org/10.1016/j.marpetgeo.2015.02.031",10.1016/j.marpetgeo.2015.02.031,https://linkinghub.elsevier.com/retrieve/pii/S026481721500063X,,,,
"Zhou, Lingli, Henrik Friis, and Mette Lise Kjær Poulsen. ""Geochemical Evaluation of the Late Paleocene and Early Eocene Shales in Siri Canyon, Danish-Norwegian Basin."" Marine and Petroleum Geology 61 (2015): 111-22. https://doi.org/10.1016/j.marpetgeo.2014.12.014.",700,Zhou et al. 2015,"Zhou, L., Friis, H. & Poulsen, M.L. (2015). Geochemical evaluation of the Late Paleocene and Early Eocene shales in Siri Canyon, Danish-Norwegian Basin. Marine and Petroleum Geology, 61, 111-122. https://doi.org/10.1016/j.marpetgeo.2014.12.014",10.1016/j.marpetgeo.2014.12.014,https://linkinghub.elsevier.com/retrieve/pii/S0264817214003912,,,,
"Zhou, Lei, Zhihong Kang, Zongxiu Wang, Yuanyuuan Peng, and Haifeng Xiao. ""Sedimentary Geochemical Investigation for Paleoenvironment of the Lower Cambrian Niutitang Formation Shales in the Yangtze Platform."" Journal of Petroleum Science and Engineering 159 (2017): 376-86. https://doi.org/10.1016/j.petrol.2017.09.047.",718,Zhou et al. 2017,"Zhou, L., Kang, Z., Wang, Z., Peng, Y. & Xiao, H. (2017). Sedimentary geochemical investigation for paleoenvironment of the Lower Cambrian Niutitang Formation shales in the Yangtze Platform. Journal of Petroleum Science and Engineering, 159, 376-386. https://doi.org/10.1016/j.petrol.2017.09.047",10.1016/j.petrol.2017.09.047,https://linkinghub.elsevier.com/retrieve/pii/S0920410516313365,,,,
"ZUO Jingxun, TONG Jinnan, ZHAO Laishi, et al. Geochemical Environment Restoration of the Lower Yangtze Paleocean in the Early Triassic, Southeastern China. Earth Science- Journal of China University of Geosciences,2013, 38(3):441-453",756,Zuo et al. 2013,"Zuo, J., Tong, J., Zhao, L., Chang, D. & Zhao, R. (2013). Geochemical Environment Restoration of the Lower Yangtze Paleocean in the Early Triassic, Southeastern China. Earth Science-Journal of China University of Geosciences, 38, 441-453. https://doi.org/10.3799/dqkx.2013.044",10.3799/dqkx.2013.044,,,,,